programme_id,programme,industry,core_industry,mechanisms_14,benefits_17,recode_status,confidence,basis,notes
71217b0c-c602-4445-af1e-668e5ff4a384,BMW ConnectedDrive,Automotive,No,Paid Subscription,,Suggested,Medium,Brand pages/press via search,"Paid ConnectedDrive Store services (e.g. BMW Digital Premium), monthly/annual, cancellable. Product subscription, not a loyalty programme: kept in the Hub by team decision; no perks beyond the core product are coded."
fbc61cf2-bdec-4e20-96ab-a5269c048e8c,BMW Excellence Club,Automotive,No,Access by Ownership,Service Exclusivity & Priority Access; Convenience Benefits; Experiential Exclusivity; Partner Benefits,Suggested,Medium,Brand pages/press via search (official page not read),"Reserved to owners of BMW 7 Series/i7 (regional: X7, XM): priority service, airport transfers, pick-up/drop-off, concierge, events, luxury partner offers."
b45b5826-7ed5-4685-badf-fd16562ca4af,BYD/DENZA Lifestyle Membership,Automotive,No,Access by Ownership,Partner Benefits; Cashback / Direct Discounts / Coupons; Personalised Gifts,Suggested,Medium,Brand pages/press via search (official page not read),"Lifestyle Card for eligible BYD/Denza owners (Singapore): perks from 88 brands (KFC birthday chicken, Adidas 10%, Shell car wash 20%); premium Denza partners."
539f0ad2-731a-49d2-8682-ae632cacce81,Care by Volvo,Automotive,No,Paid Subscription,,Suggested,Medium,Brand pages/press via search,"All-inclusive monthly car subscription (servicing, maintenance, tyres, roadside, connectivity). Product subscription, not a loyalty programme: kept in the Hub by team decision; no perks beyond the core product are coded."
5e293e3b-254a-4dca-9e79-eb7eeefccbb8,Club Land Rover,Automotive,No,,Cashback / Direct Discounts / Coupons; Community & Networking,Suggested,Low,Brand pages/press via search (official page not read),"Independent Portuguese owners' club (Clube Land Rover de Portugal): negotiated insurance, inspection exemption, discounts, social activities. Fees and entry rules not found: no mechanism coded."
e29c2d9c-229f-4e5a-80f8-837ae4aff304,FordPass,Automotive,No,"Create Account (e.g. Card, App, automatic, etc); Accumulated by Spending (redeemable for spending)",Points Inflation; Service Exclusivity & Priority Access,Suggested,Low,Brand pages/press via search (official page not read),"FordPass Rewards: free; points for vehicle purchase, service, accessories; Bronze/Silver/Gold by activity (basis not confirmed: tier NOT coded); 5-10% bonus service points, early promo access. Source mentions a 2026 sunset alert: confirm the programme is still active."
0630ca84-74b5-41fe-b91e-e4bb59bceea5,Harley Owners Group (H.O.G.),Automotive,No,Paid Subscription; Access by Ownership; Missions/Gamification,Community & Networking; Experiential Exclusivity; Convenience Benefits; Family Benefits; Partner Benefits,Suggested,Medium,Brand pages/press via search (official page not read),"Paid Full/Associate membership (free first year with a new Harley); chapters, rallies, roadside assistance, mileage and challenge rewards, partner benefits, associate membership for family."
94699a43-9526-47fd-a344-ab11cd1bd74f,Hyundai Rewards,Automotive,No,"Create Account (e.g. Card, App, automatic, etc); Access by Ownership; Missions/Gamification",Cashback / Direct Discounts / Coupons,Suggested,Medium,Brand pages/press via search (official page not read),"US programme: free for owners via MyHyundai; Silver/Gold/Blue by earn activities (service visits), no points; discounts on new vehicles and Bluelink. Hub lists South Korea: verify the market."
73e25d74-266e-4bbd-848b-649cc44094dd,Jaguar Subscription,Automotive,No,Paid Subscription,,Suggested,Medium,Brand pages/press via search,"Pivotal by JLR: monthly Blue/Indigo/Violet/Ultraviolet car subscription tiers by price; pause after 3 months, new vehicle every 6 months. Product subscription, not a loyalty programme: kept in the Hub by team decision; no perks beyond the core product are coded."
4f90b888-0926-42f7-8b90-4e1dec406eea,Kia Connect,Automotive,No,Paid Subscription,,Suggested,Medium,Brand pages/press via search,"Lite (free), Care, Plus, Ultimate paid plans. Product subscription, not a loyalty programme: kept in the Hub by team decision; no perks beyond the core product are coded."
ba02c64d-9d6d-4469-9b20-91664ebaf12e,Lexus,Automotive,No,,,To recode,Low,Search,Hub row (Japan) not matched: only Lexus Encore (Australia) and US programmes found. Not coded.
630d8d33-a750-4167-9aa8-3f1170506753,Lion Hearts,Automotive,No,"Create Account (e.g. Card, App, automatic, etc); Referral; Ambassador",Cashback / Direct Discounts / Coupons; Service Exclusivity & Priority Access; Upgrades & Complimentary Offers; Convenience Benefits,Suggested,Medium,Brand pages/press via search (official page not read),"Registration; accessory/boutique discounts, private sales twice a year, car wash and assistance after maintenance, EV charge pass; referral promo codes and Peugeot ambassador role."
a6afd29f-de1e-4f8b-8aea-df9ff776c05d,MINI Connected Package,Automotive,No,Paid Subscription,,Suggested,Medium,Brand pages/press via search,"MINI Connected Plus paid subscription after complimentary period. Product subscription, not a loyalty programme: kept in the Hub by team decision; no perks beyond the core product are coded."
117aa8dc-c49f-4a81-a48d-70971dfabe3c,Mercedes Benz Club Membership,Automotive,No,Paid Subscription,Cashback / Direct Discounts / Coupons; Experiential Exclusivity; Community & Networking,Suggested,Medium,Brand pages/press via search (official page not read),"Paid membership of officially recognised brand clubs: ClubCard discounts, 200+ events, magazine, online Club Lounge."
42628dae-2759-43c5-bc37-0b7350cc5033,Mercedes-Benz Rewards.,Automotive,No,,,To recode,Low,Brand pages/press via search (official page not read),"Searches return US co-brand card and dealer-service rewards, not the Hub's German programme. Not coded: replace source."
2539f1e0-7198-48e7-84e4-e47544d3fa58,MyAudi,Automotive,No,"Create Account (e.g. Card, App, automatic, etc); Access by Ownership; Accumulated by Actions (redeemable for spending); Missions/Gamification",Partner Benefits; Cashback / Direct Discounts / Coupons; Upgrades & Complimentary Offers,Suggested,Medium,Brand pages/press via search (official page not read),"App for Audi customers: points for registration, daily use and challenges, levels with partner rewards; discounts (Hilton, Saba), subscriptions (Podimo, Filmin)."
c9a1932f-8fc6-499f-aa00-ea25ab353d4a,NissanConnect,Automotive,No,Paid Subscription,,Suggested,Low,Brand pages/press via search,"Standard/Premium/Premium Plus service tiers (sources are US; Japan details not found). Product subscription, not a loyalty programme: kept in the Hub by team decision; no perks beyond the core product are coded."
04f98bf8-d712-4c0f-b7ea-8dec7ba04c46,Porsche Club Portugal,Automotive,No,Paid Subscription; Access by Ownership,Cashback / Direct Discounts / Coupons; Experiential Exclusivity; Community & Networking; Upgrades & Complimentary Offers,Suggested,Medium,Brand pages/press via search (official page not read),"Annual dues EUR 120 + EUR 80 joining fee; membership requires owning a Porsche; discounts on inspections, parts, labour, partners; events; magazine."
b97720ed-8423-4535-a0bd-2a3efc47d705,Porsche Owners' Benefits,Automotive,No,"Create Account (e.g. Card, App, automatic, etc); Accumulated by Spending (redeemable for spending); Missions/Gamification",Partner Benefits; Cashback / Direct Discounts / Coupons; Experiential Exclusivity,Suggested,Medium,Brand pages/press via search (official page not read),"Porsche Privilege (Singapore): open to anyone with a Porsche ID; tokens per purchase, challenges and badges; partner offers (Mandarin Oriental, BOSS, Baker & Cook), discounts, experiences."
6150fb4a-40b3-4265-b4ab-bc637fc63dc6,Range Rover Owner,Automotive,No,Access by Ownership,,Suggested,Low,Brand pages/press via search (official page not read),"Ownership services (roadside assistance, warranty, remote app); no loyalty perks documented. Possibly not a loyalty programme."
bfe30942-db0c-4bf4-a722-2cca6eb68da5,Tesla Connectivity Premium,Automotive,No,Paid Subscription,,Suggested,Medium,Brand pages/press via search,"Paid Premium Connectivity ($9.99/month or $99/year); trial at delivery. Product subscription, not a loyalty programme: kept in the Hub by team decision; no perks beyond the core product are coded."
2aff1a70-eee8-4a6a-b1c0-a1aed10b4c68,Toyota Go,Automotive,No,"Create Account (e.g. Card, App, automatic, etc); Access by Ownership",Cashback / Direct Discounts / Coupons; Partner Benefits; Upgrades & Complimentary Offers,Suggested,Medium,Brand pages/press via search (official page not read),"Australian customer platform: owners registering get Ampol fuel discount, JB Hi-Fi/movie offers, KINTO voucher, 10% merchandise."
c6b49ac1-bdf5-4a89-9a13-b62e79b6174a,Absa Rewards,Banking & Financial Services,No,"Create Account (e.g. Card, App, automatic, etc); Accumulated by Spending (redeemable for spending)",Cashback / Direct Discounts / Coupons; Partner Benefits,Suggested,Medium,Bank/press pages via search,"Free; Bronze/Silver/Gold/Platinum by a monthly Rewards score (products held, behaviour: not spend, so tier NOT coded); up to 10-30% cashback at partners."
28c932e2-11c4-442f-891e-0c8fe9062f81,Associação Mutualista (descontos),Banking & Financial Services,No,Paid Subscription,Cashback / Direct Discounts / Coupons; Partner Benefits; Upgrades & Complimentary Offers,Suggested,Medium,Bank/press pages via search,"Montepio mutual association: EUR 9 joining fee + EUR 2 monthly quota; discounts at 1,000-1,700 partners (e.g. Repsol), accident capital benefit."
a8c4fc1f-efad-422a-b5f3-930423d24287,Benefícios BPI (cashback em parceiros),Banking & Financial Services,No,Accumulated by Spending (redeemable for spending),Cashback / Direct Discounts / Coupons; Partner Benefits,Suggested,Medium,Bank pages/press via search,"BPI programme: 2-15% cashback at partners on debit/credit cards, credited within 15 days. Hub lists Spain; BPI Portugal programme found."
5ec29291-4016-4c4c-a1c1-9775cf475592,Blue Rewards,Banking & Financial Services,No,Paid Subscription,Cashback / Direct Discounts / Coupons; Partner Benefits,Suggested,Medium,Bank/press pages via search,"Barclays Blue Rewards: EUR... GBP 5 monthly paid add-on (min. GBP 800 paid in monthly): in-app cashback offers, entertainment perks (e.g. Apple TV+) since the 2024 overhaul."
6ff8d2fe-9c0b-45b1-a980-ea9ebcf85668,Cashback BankinterCard Gold,Banking & Financial Services,No,Accumulated by Spending (redeemable for spending),Cashback / Direct Discounts / Coupons; Proprietary Credit Card Benefits,Suggested,Medium,Bank pages/press via search,"3% cashback on card purchases for 12 months (max EUR 5/month, EUR 60/year)."
28cfd2cc-2336-4809-92a1-f65cf083496c,Cashback CaixaBank,Banking & Financial Services,No,"Create Account (e.g. Card, App, automatic, etc); Accumulated by Spending (redeemable for spending)",Cashback / Direct Discounts / Coupons; Partner Benefits,Suggested,Medium,Bank/press pages via search,"Activate in the CaixaBank app, view offers, pay with a CaixaBank card at 100+ partner brands (Nike, BP, Cinesa) and receive a refund."
15593155-d91a-446c-8e2e-9ba8d0ceaf2f,Cashback UNIBANCO,Banking & Financial Services,No,"Create Account (e.g. Card, App, automatic, etc); Accumulated by Spending (redeemable for spending)",Cashback / Direct Discounts / Coupons,Suggested,Medium,Bank/press pages via search,"New cardholders register in the UNIBANCO app within 2 months; monthly cashback by spend band (EUR 5/10/20, max EUR 200 in year one)."
74c4fda2-1ac3-4a37-af47-78330615b266,Cashback novobanco,Banking & Financial Services,No,Accumulated by Spending (redeemable for spending),Cashback / Direct Discounts / Coupons; Partner Benefits,Suggested,Medium,Bank pages/press via search,Cashback on purchases at partner retailers with a novobanco card when the campaign is viewed/activated in digital channels.
575ff304-5d97-48d9-b84c-ffe61896045b,Chase Ultimate Rewards,Banking & Financial Services,No,Accumulated by Spending (redeemable for spending),Partner Benefits; Proprietary Credit Card Benefits,Suggested,Medium,Bank pages/press via search,Points on card spend transferable 1:1 to airline/hotel partners (premium cards).
ea55f842-c90c-47f8-9fa0-83de59915d57,Everyday Offers / Rewards (na app),Banking & Financial Services,No,"Create Account (e.g. Card, App, automatic, etc); Accumulated by Spending (redeemable for spending)","Cashback / Direct Discounts / Coupons; Sweepstakes, Contests & Prize Draws",Suggested,Medium,Bank/press pages via search,"Lloyds/Bank of Scotland: activate offers in app, up to 15% cashback at selected retailers; Everyday Offers replaced by Lloyds Rewards with prize draws and challenges."
93ed7db8-5c51-420e-909c-6627f7fc5808,Lemonade Giveback,Banking & Financial Services,No,,Sustainability & Charitable Giving,Suggested,Medium,Bank/press pages via search,Insurance customers choose a cause; unclaimed premium pool is donated annually/quarterly. No enrolment/tier mechanism.
38623e34-1ad6-4417-91d3-7af491ed3490,Mastercard Priceless,Banking & Financial Services,No,"Create Account (e.g. Card, App, automatic, etc)",Experiential Exclusivity; Service Exclusivity & Priority Access; Upgrades & Complimentary Offers; Cashback / Direct Discounts / Coupons,Suggested,Medium,Bank/press pages via search,"Cardholder-only experiences (account on Priceless site), music/entertainment presales up to 48h early, hotel upgrades, discounts."
ac929d3a-1e0b-4391-9524-00338070c365,Millennium Rewards (pontos em cartões de crédito),Banking & Financial Services,No,Accumulated by Spending (redeemable for spending); Paid Subscription,Proprietary Credit Card Benefits; Sustainability & Charitable Giving,Suggested,Medium,Bank pages/press via search,"Gold/Platinum credit cardholders: 1 point per EUR (valid 5 years), EUR 10 annual programme fee; catalogue redemption incl. charity donations."
e489c49c-09d6-4eb7-b4b7-f5c187e6d65e,Moey Cashback,Banking & Financial Services,No,"Create Account (e.g. Card, App, automatic, etc); Accumulated by Spending (redeemable for spending); Referral",Cashback / Direct Discounts / Coupons; Partner Benefits,Suggested,Medium,Bank pages/press via search,Moey app marketplace: cashback on partner campaigns credited to the account; EUR 10 bonus for opening an account via invitation.
7d83913f-5ecd-41b2-a6c0-577beb37f0c9,Red Hot Rewards & RewardCash (app Reward+),Banking & Financial Services,No,"Create Account (e.g. Card, App, automatic, etc); Accumulated by Spending (redeemable for spending)",Partner Benefits; Cashback / Direct Discounts / Coupons; Personalisation,Suggested,Medium,Bank/press pages via search,"HSBC HK: register via Reward+ app; RewardCash per HK$250 spent, up to 6x by allocating extra rewards to chosen categories; convert to miles/points at 19 programmes, pay bills, e-coupons."
85aa033f-be0d-4bd8-9a46-6be5b0e5b152,RevPoints,Banking & Financial Services,No,Paid Subscription; Accumulated by Spending (redeemable for spending); Accumulated by Actions (redeemable for spending); Referral,Points Inflation; Partner Benefits; Sustainability & Charitable Giving,Suggested,Medium,Bank/press pages via search,"Free points earned per spend (rate depends on paid Revolut plan: Standard to Ultra), challenges, referral (500 points), charity donation points; transfer to 30+ airline programmes."
f46974a0-ed8b-4508-949e-9e67a6772e42,Santander Rewards,Banking & Financial Services,No,Accumulated by Spending (redeemable for spending); Accumulated by Actions (redeemable for spending),Cashback / Direct Discounts / Coupons; Partner Benefits,Suggested,Medium,Official Santander Portugal pages via search,"Points per EUR 2 on credit cards, plus salary domiciliation, direct debits, insurance, partner purchases; redeemed for brand items, experiences, vouchers, commission refunds, partner refunds."
40b464a2-2eb5-42e5-afb6-33cff22995f4,Sempre em Caixa (benefícios + cashback),Banking & Financial Services,No,Accumulated by Spending (redeemable for spending),Cashback / Direct Discounts / Coupons; Partner Benefits; Upgrades & Complimentary Offers,Suggested,Medium,Bank pages/press via search,"Caixa credit cards: 1% cashback (max EUR 10/month; source says active until 31 Dec 2025: confirm still running), partner discounts, extended personal accident insurance."
3be607e0-7878-4234-a65d-26fe8fc70594,The Mastercard Collection – Asia Gourmet Circle,Banking & Financial Services,No,,Experiential Exclusivity; Service Exclusivity & Priority Access; Upgrades & Complimentary Offers; Proprietary Credit Card Benefits,Suggested,Medium,Mastercard press release via search,"Perk for World/World Elite/World Select cardholders: access to 400+ premium restaurants, real-time reservations, dining credits or complimentary wine with minimum spend. Access by card type fits none of the 14 mechanisms."
936b22a3-6fad-4d65-8218-63dc212a78f5,Vitality Rewards,Banking & Financial Services,No,Missions/Gamification,Cashback / Direct Discounts / Coupons; Partner Benefits; Upgrades & Complimentary Offers,Suggested,Medium,Bank/press pages via search,"Insurance policyholders earn Vitality points for healthy activities; Bronze/Silver/Gold/Platinum by points per plan year (non-redeemable status levels); premium discount, partner discounts, weekly active rewards."
55d88ba5-33cc-469f-8745-75325b2375e8,VodaBucks (via VodaPay),Banking & Financial Services,No,"Create Account (e.g. Card, App, automatic, etc); Accumulated by Spending (redeemable for spending); Accumulated by Actions (redeemable for spending)",Partner Benefits,Suggested,Medium,Bank/press pages via search,"Free; join via My Vodacom app or USSD; 1 VodaBuck per R10 spent, goals-based earning; weekly banking cycle; redeem for airtime, data, retail vouchers."
21bb5b9c-86af-4b14-8333-156605ec6f74,€pistrofi,Banking & Financial Services,No,"Create Account (e.g. Card, App, automatic, etc); Accumulated by Spending (redeemable for spending)",Cashback / Direct Discounts / Coupons; Partner Benefits,Suggested,Medium,Bank/press pages via search,"Eurobank: all cardholders automatically enrolled; 2% cashback credited at POS at 2,500 merchants; redeemable on later purchases."
6233e607-1f1a-4cb3-91ec-33afb86678a2,AdiClub,Fitness & Wellness,No,"Create Account (e.g. Card, App, automatic, etc); Accumulated by Spending (redeemable for spending); Accumulated by Actions (redeemable for spending)","Convenience Benefits; Service Exclusivity & Priority Access; Experiential Exclusivity; Upgrades & Complimentary Offers; Personalisation; Sweepstakes, Contests & Prize Draws",Suggested,Medium,Brand/press pages via search,"Free; 10 points per $ plus points for app/workout actions, reviews; four levels by points (reset rule not stated: tier NOT coded); free shipping, exclusive drops/hype access raffles, events, free premium trial, free personalisation."
93d487fd-77c8-4915-8bca-c4812d41c4d6,Alo Access,Fitness & Wellness,No,Accumulated by Spending (redeemable for spending),Upgrades & Complimentary Offers; Service Exclusivity & Priority Access; Experiential Exclusivity; Points Inflation; Convenience Benefits,Suggested,Medium,Retailer/press pages via search,"Free points programme: 1 point per $; VIP (0-299), A-List (300-999), All Access (1,000+) points tiers (reset rule not stated: tier NOT coded); welcome gift, early access to price drops, private sales, invite-only events, bonus point days, free shipping."
c881d876-dc35-4d9d-98ee-1a449299ec1b,Bannatyne,Fitness & Wellness,Yes,Paid Subscription,Upgrades & Complimentary Offers; Partner Benefits,Suggested,Medium,"Official page (pass 1, OK (partial))","Mechanisms: Paid membership; ""Membership of a club allows you to use any club in a lower or equal cost tier"". | Benefits: ""Complimentary fitness evaluations when you join""; ""Exclusive"" partner discounts (Hello Fresh, Nike, Gymshark)."
26d644fb-1d08-4104-a128-88ba92addc39,Calm Premium,Fitness & Wellness,No,Paid Subscription,Family Benefits,Suggested,Medium,Secondary sources via search,Paid subscription; Premium Family plan (up to 6 accounts).
b5fe264b-cfe4-4a51-b1a9-65152323be5a,ClassPass,Fitness & Wellness,Yes,Paid Subscription,Flexibility & Credit; Partner Benefits,Suggested,Medium,ClassPass help pages via search,Monthly credit plans; unused purchased credits roll over (capped); access to partner studios (partner network is the product).
3a0a3a78-ebcc-46fe-813c-a602a9a4e10b,Club Peloton,Fitness & Wellness,No,Paid Subscription; Missions/Gamification,Cashback / Direct Discounts / Coupons; Partner Benefits,Suggested,Medium,"Official page (pass 1, OK)","Mechanisms: Automatic for paid members (""new members start at Bronze I""). Progression by points from ""workout days"", streaks, milestones, ""10 points for certain Challenges""; ""Points won't expire as long as you're a Member""; redemption not mentioned. | Benefits: Level badges; ""special discounts, offers with Peloton's partners, and more surprises"". | Flag: Tiers are by activity points that are not redeemable: coded Missions/Gamification, not a spending tier."
3980e1a2-6a14-4f3b-8bee-1699ddb61e65,CorePower Yoga,Fitness & Wellness,Yes,Paid Subscription,Cashback / Direct Discounts / Coupons,Suggested,Medium,"Official page (pass 1, OK (partial))","Mechanisms: All Access Membership; At Home Membership ""$19.99/mo for the life of your membership"". | Benefits: ""20% off"" for eligible groups (students, military, teachers, seniors, company partners). | Flag: Free week trial with email/phone form: not coded as an enrolment route (paid programme)."
09aad811-06ab-4487-b488-55976f84fe51,David Lloyd,Fitness & Wellness,Yes,Paid Subscription,Social / Transferable Benefits; Family Benefits; Cashback / Direct Discounts / Coupons; Experiential Exclusivity,Recoded,High,"Official page (pass 1, OK)","Mechanisms: Paid memberships Platinum / Club Plus / Club; ""Standard 12-month or Flexible 3-month"". | Benefits: ""Monthly guest pass"" (Platinum); family and children options; ""10% discount in Bar & Restaurant""; ""Access to luxury Spa Retreats""."
60c92de4-5171-4a6f-93f6-14399a7d9ab0,Equinox+,Fitness & Wellness,Yes,Paid Subscription,,Suggested,Low,Secondary sources (official page not readable),Digital subscription ($39.99/month or $300/year). Core product access (on-demand classes) not coded as a benefit. No loyalty perks documented.
306ea95c-0944-4f30-a7bf-133c8a5fa190,F45 Play,Fitness & Wellness,Yes,"Create Account (e.g. Card, App, automatic, etc); Accumulated by Actions (redeemable for spending); Missions/Gamification","Partner Benefits; Sweepstakes, Contests & Prize Draws; Cashback / Direct Discounts / Coupons",Suggested,Medium,"Official page (pass 1, OK)","Mechanisms: App: ""Download F45 app"". Points for actions: ""In-Studio Class +200 pts"", ""At-Home Workout +100 pts"", ""Challenge Registration +500 pts""; redeemed for ""exclusive rewards and offers from our trusted partners"". Challenges: ""Attend 3+ classes per week to unlock escalating bonus points"". | Benefits: Partner discounts (GNC, Red Bull, HyperIce, Sunlighten); ""exclusive raffles"". | Flag: Points are redeemed for partner offers, not directly for spending: confirm Accumulated by Actions."
5de3d091-4890-47e3-82a6-e842e6d65d56,Headspace Membership,Fitness & Wellness,No,Paid Subscription,Family Benefits; Cashback / Direct Discounts / Coupons,Suggested,Medium,Secondary sources via search,Paid monthly/annual plans; Family plan up to 6 people; student discount.
055bb844-f743-4766-aee3-45929372fe21,My Bene-FIT,Fitness & Wellness,Yes,Accumulated by Spending (redeemable for spending); Accumulated by Actions (redeemable for spending); Spending at Brand/Partners - Temporary,Cashback / Direct Discounts / Coupons; Upgrades & Complimentary Offers; Social / Transferable Benefits; Service Exclusivity & Priority Access,Suggested,Medium,"Official page (pass 1, OK)","Mechanisms: Sign up at the club reception. Points: ""5 points for every €1 spent"" and ""20 points for every workout""; tiers Silver 1,000-1,999, Gold 2,000-3,999, Platinum 4,000+ points; redeem ""for exclusive privileges, gifts, and services"". | Benefits: Discounts on spa, training, restaurant; complimentary sessions; guest passes; priority event access. | Flag: Sign-up at reception is not one of the three enrolment routes."
ad3bd911-812b-4d60-8799-b3cf378ceee7,Nike Membership,Fitness & Wellness,No,"Create Account (e.g. Card, App, automatic, etc)",Service Exclusivity & Priority Access; Convenience Benefits; Experiential Exclusivity; Personalisation; Personalised Gifts,Suggested,Medium,Retailer/press pages via search,"Free, tierless, no points; early access to products, free shipping, wear test, member events, personalised recommendations, birthday/anniversary rewards."
15ebef7f-2a05-44e3-816f-8971db6d4d1f,Nuffield Health,Fitness & Wellness,Yes,Paid Subscription,Cashback / Direct Discounts / Coupons; Family Benefits,Suggested,Medium,"Official page (pass 1, OK)","Mechanisms: ""12-month commitment"" or ""1-month rolling"" memberships; price varies by gym. | Benefits: ""Discounts on physiotherapy (20%), health assessments (20%)""; ""Family add-ons from £6 per child""; joint membership discount."
e6198c97-a63e-463f-90c6-065e7b4187d6,Orangetheory Rewards,Fitness & Wellness,Yes,Accumulated by Actions (redeemable for spending),Upgrades & Complimentary Offers; Social / Transferable Benefits; Cashback / Direct Discounts / Coupons,Suggested,Low,Studio-level blog via search,"Points per class attended and per social share/review, redeemed for towel, bottle, 20% off apparel day, free week for a friend, private class. Source is a franchise studio post, not the brand programme page."
45cb56e4-8e14-4bc3-86b1-2ab22a9ed6e1,Oura Subscription,Fitness & Wellness,No,Paid Subscription,AI-Powered Benefits; Upgrades & Complimentary Offers,Suggested,Medium,Retailer/press pages via search,Paid membership ($5.99/month); Oura Advisor AI health companion; one month included with the ring.
346c2ea6-b4ae-47a9-a2cb-19ed4b824686,Pvolve,Fitness & Wellness,Yes,Paid Subscription; Referral,Cashback / Direct Discounts / Coupons; Partner Benefits; Upgrades & Complimentary Offers,Suggested,Medium,Web research (secondary sources),"Streaming membership $24.99/month; referral ($30 to referrer, $15 to new customer); 15% discounts for groups; lululemon Perks partner offer; bundles include free membership months. Studio memberships not covered."
17d6d4e4-494e-4ba5-aacf-0c98309a74a9,Solinca Membership,Fitness & Wellness,Yes,Paid Subscription,Partner Benefits; Cashback / Direct Discounts / Coupons; Upgrades & Complimentary Offers; Social / Transferable Benefits,Suggested,Medium,Official Solinca pages via search,"Monthly gym membership; new members get 50% of monthly fee back on Cartão Continente (Continente partnership); physical evaluation, plan and nutrition counselling included; access shareable with 2 registered guests; 34 clubs."
979d6a1a-d222-4a38-85dd-3dc7e0ff26ac,SoulCycle,Fitness & Wellness,Yes,Paid Subscription; Referral; Ambassador,Upgrades & Complimentary Offers; Cashback / Direct Discounts / Coupons; Experiential Exclusivity,Suggested,Medium,Official SoulCycle pages via search,"Soul Renew monthly class packs (discounted); Spread the Soul: complimentary class per 2 referred friends; Soul Society = advocacy/ambassador programme (earn classes by challenges, merch drops, commission). Soul Society challenge-earned classes could also be Accumulated by Actions: check."
6577b636-958d-4326-a425-5fc42e0153fb,Strava Subscription,Fitness & Wellness,No,Paid Subscription; Missions/Gamification,Family Benefits; Community & Networking,Suggested,Medium,Secondary sources via search,Paid subscription; Family Plan (up to 4 users); group challenges and Clubs; badges not confirmed.
bf8411d1-8313-4ac3-8d9a-e4abe1f2f3b1,The Academy Barry's,Fitness & Wellness,Yes,Accumulated by Spending (redeemable for spending); Accumulated by Actions (redeemable for spending),Personalised Gifts; Upgrades & Complimentary Offers; Cashback / Direct Discounts / Coupons; Service Exclusivity & Priority Access; Social / Transferable Benefits,Suggested,Medium,Official Barry's pages + press via search,"Free Academy programme: stars per class (100), per $ at Fuel Bar/shop (4), social actions; tiers Member/Red/Silver/Black by stars (reset rule not stated: tier mechanism NOT coded); birthday class, free shipping, quarterly guest pass, shop/Fuel Bar pricing, early booking, cancellation forgiveness. Level Up challenge may be Missions: check."
a99a1b6e-b999-4d08-8581-4c62e941a68b,The Campus Membership,Fitness & Wellness,Yes,Paid Subscription,Cashback / Direct Discounts / Coupons; Family Benefits; Social / Transferable Benefits; Upgrades & Complimentary Offers,Recoded,High,"Official page (pass 1, OK)","Mechanisms: ""€2500 PER YEAR"" full annual; ""€340 PER MONTH""; ""€70 PER DAY""; racket membership ""€990 PER YEAR"". | Benefits: ""30% discount on private lessons and group coaching""; ""50% discount on tournaments""; ""Junior ... Kids Under 12"" pricing; ""1 x joint member can be added ... with 25% discount""; ""Free court rentals"". | Flag: Whether QdL residents get a different price is not documented."
d561ed3c-a457-4dac-aa23-ec407b0b37ce,VivaGym Memberships,Fitness & Wellness,Yes,Paid Subscription,Social / Transferable Benefits; Personalisation; Cashback / Direct Discounts / Coupons,Suggested,Medium,"Official page (pass 1, OK)","Mechanisms: Paid monthly plans ONE / FLEX / PRIME; ""Sem fidelização"" (no lock-in). | Benefits: ""15 convites para treinares com um amigo"" (FLEX); ""Nutrição personalizada""; student ""2€ de desconto"". | Flag: Plans differ by club access, not by activity: not an earned tier."
9af71b32-6849-4810-8a23-e6930d9d901e,WHOOP Membership,Fitness & Wellness,No,Paid Subscription,Personalisation; Service Exclusivity & Priority Access,Suggested,Medium,Retailer/press pages via search,Paid One/Peak/Life memberships; personalised coaching insights; priority phone support (Life).
e682ee5e-bf53-43da-a479-891e8c606ffc,Wellhub,Fitness & Wellness,Yes,Paid Subscription,Partner Benefits; Family Benefits,Suggested,Medium,Web research (secondary sources),"Employee/individual paid plans by tier (Digital to Titanium) giving access to partner gyms, studios and apps; dependents can join. Aggregator: partner network is the product (coded Partner Benefits, check rule)."
a696ba8f-be64-4bf5-8133-73d0eaa58bc6,lululemon Membership,Fitness & Wellness,No,"Newsletter, Email, Phone; Spending at Brand/Partners - Temporary",Service Exclusivity & Priority Access; Experiential Exclusivity; Partner Benefits; Convenience Benefits,Suggested,Medium,Retailer/press pages via search,"Free (name + email) with Collective / Plus ($500+ annual spend) / Pinnacle ($1,000+) tiers; early access, events, partner perks (Oura, Peloton, ClassPass...), receipt-free returns, free hemming. Enrolment by email only coded as Newsletter, check."
1a6728d0-b86b-4668-b593-5d625e08d3c1,Annabel's (Birley Clubs),Food & Beverage,Yes,Paid Subscription; Invite,Experiential Exclusivity,Suggested,Medium,Secondary sources (official site has no membership text),"Annual fee + joining fee; applicants must be proposed by current members and are invited by the committee; access to bars, restaurants, private dining and nightclub. Core-venue access coded as Experiential Exclusivity."
da4b663c-29d7-42c8-b098-4a89b5b20967,Capital Club Dubai,Food & Beverage,Yes,Paid Subscription,Experiential Exclusivity; Community & Networking; Partner Benefits,Suggested,Medium,"Official page (pass 1, OK)","Mechanisms: ""Pre-qualification form"" then review by the Membership Team; fees from Hub. | Benefits: ""Curated Business Experiences""; networking and introductions; golf course and spa access; ""Access to over 350 reciprocal & international associated clubs"". | Flag: Hub says access = Invitation only, the page says pre-qualification form: Invite not coded."
42fb7b8d-5d21-4aa3-b1b7-568a0ac79393,Chipotle Rewards,Food & Beverage,Yes,"Accumulated by Spending (redeemable for spending); Create Account (e.g. Card, App, automatic, etc); Missions/Gamification",Upgrades & Complimentary Offers; Personalised Gifts; Service Exclusivity & Priority Access; Points Inflation,Recoded,High,Official programme page,10 points per $1; join in app/website; challenges and badges ('Extras'); free chips & guac at sign-up and monthly bonus drops; birthday reward; early access (Chipotdays); extras earn points faster. Redemption via Rewards Exchange.
2b1bff05-ce20-48cb-8cc7-a0eb386b5def,Dunkin' Rewards,Food & Beverage,Yes,Accumulated by Spending (redeemable for spending),Points Inflation; Personalised Gifts,Suggested,Low,Web research (secondary sources),"10 points per $1; 'Boosted' status (12 qualifying visits in a calendar month, lasts 3 months, 12 pts/$): visit-based, not spend, so no tier mechanism coded. Birthday bonus (3x points). Hub URL is a Rivo blog: replace with dunkindonuts.com."
4aeca102-1781-4373-9823-11255c8450d4,Fun Club,Food & Beverage,No,"Create Account (e.g. Card, App, automatic, etc); Accumulated by Spending (redeemable for spending); Accumulated by Actions (redeemable for spending); Referral","Cashback / Direct Discounts / Coupons; Sweepstakes, Contests & Prize Draws; Experiential Exclusivity",Suggested,Medium,Brand/press pages via search,"Free; points per cent spent via receipt scan, challenges (surveys, recipes, trivia), referral 400 points; discounts, prizes and experiences (e.g. store sleepover)."
9e6afdc7-647c-449b-a3aa-c6aa0c2005ae,Gourmet Escapes Privilege Club,Food & Beverage,Yes,Paid Subscription,Cashback / Direct Discounts / Coupons; Experiential Exclusivity; Service Exclusivity & Priority Access; Upgrades & Complimentary Offers; Partner Benefits,Recoded,High,Official page,"Paid Bronze/Silver/Gold memberships (6 months); up to 50% off at selected restaurants/hotels/events, VIP events, priority entry (Gold), free lunch/dinner and goodie bag (Silver), courtesy drinks, affiliations with Michelin/AA hotels and restaurants."
97d700c9-8cf3-4348-a12f-5c698f5f2b24,IHOP Rewards,Food & Beverage,Yes,"Do X, Get Y; Create Account (e.g. Card, App, automatic, etc)",Personalised Gifts; Upgrades & Complimentary Offers,Suggested,Low,"Regional franchise page (IHOP Prairies, Canada)","Visit/milestone-based rewards (not points), free sign-up, BOGO combo on joining, birthday offer. Hub URL is a Canadian franchise programme: confirm which IHOP programme is meant."
b8f54547-6777-4538-9b5a-727f3b668795,JNcQUOI Club,Food & Beverage,Yes,Paid Subscription; Invite,Cashback / Direct Discounts / Coupons; Partner Benefits; Experiential Exclusivity,Suggested,Medium,Official application page + partnership brochure via search,Annual dues; membership requires recommendation by at least one current member (proposer) -> Invite; 10% (Annual) / 15% (Founder) discount at JNcQUOI restaurants/bars and partner discounts; access to the club and event calendar.
531172aa-20eb-4b7e-bfd4-5afc54ecfbf1,KFC Rewards,Food & Beverage,Yes,"Accumulated by Spending (redeemable for spending); Accumulated by Actions (redeemable for spending); Referral; Create Account (e.g. Card, App, automatic, etc)",Personalised Gifts; Cashback / Direct Discounts / Coupons; Service Exclusivity & Priority Access,Suggested,Low,"Third-party guide (kfmenu.com), not KFC","Points per $ spent, sign-up and first-order points, referral points, birthday bonus; app account. Replace the Hub URL with the official KFC page."
f7e24e05-37aa-4331-beab-740c23aab056,Lindt Chocolate Club,Food & Beverage,No,"Create Account (e.g. Card, App, automatic, etc); Accumulated by Spending (redeemable for spending)",Cashback / Direct Discounts / Coupons; Personalised Gifts,Suggested,Medium,Brand/press pages via search,"Free MyLindt/Lovers' Rewards (varies by country): welcome voucher, vouchers per spend ($5 per $100 US), birthday voucher, digital card."
4cc78cfe-938a-4912-b54d-a35068ba10d0,Monster Energy,Food & Beverage,No,Accumulated by Spending (redeemable for spending),"Sweepstakes, Contests & Prize Draws",Suggested,Low,Brand/press pages via search,Receipt-upload points for Monster gear and giveaways; no formal membership programme documented.
fc0dd897-9f42-4021-95e6-e84edf797538,MyMcDonald's,Food & Beverage,Yes,"Accumulated by Spending (redeemable for spending); Create Account (e.g. Card, App, automatic, etc)",,Suggested,Medium,Web research (secondary sources),App-only; 100 points per $1; four redemption tiers (not status tiers); free; no benefits beyond reward items documented.
4e109b16-2995-4f2c-a046-b9ae74b789ea,Nando's Rewards,Food & Beverage,Yes,"Create Account (e.g. Card, App, automatic, etc); Do X, Get Y",Upgrades & Complimentary Offers,Suggested,Medium,"Official page (pass 1, OK)","Mechanisms: Account: ""Log into your Nando's account or make one"". Do X, Get Y: ""Get one [Chilli] every day you spend £7 or more""; ""Get 3 Chillies for a Green Reward, 6 for an Orange Reward and 10 for a Red Reward"". | Benefits: ""Get free food, fast""; ""bonus Chilli just for registering""; ""Rewards expire after one year"". | Flag: Hub v3 says 'Spend-based earning': it is a threshold-based stamp scheme (Do X, Get Y) with a daily spend condition, not a points-per-euro scheme."
fea78e29-0f79-4d81-aa6b-ccb380187d42,"Neera (Al Habtoor City, Dubai)",Food & Beverage,Yes,Invite; Paid Subscription,Partner Benefits; Service Exclusivity & Priority Access; Experiential Exclusivity,Suggested,Medium,"Official page (pass 1, OK (partial))","Mechanisms: ""By Invitation"" in the header and ""Apply for membership"". Fees EUR 7,500 joining + 15,750 annual come from the Hub, not the page. | Benefits: ""Over 60 reciprocal clubs worldwide""; ""Preferred hotel rates, lifestyle partners""; ""Dedicated concierge""; ""Intimate dinners and networking events"". | Flag: Is 'By Invitation' the Invite mechanism or just exclusivity wording?"
8c934cb4-2ec6-4df6-9c79-a3cf6c35fce1,Nespresso & You,Food & Beverage,No,,Convenience Benefits; Cashback / Direct Discounts / Coupons; Service Exclusivity & Priority Access,Suggested,Low,Brand/press pages via search,"Thin: next-day delivery, accessory discounts, private sales. Enrolment/tier mechanics not found."
3108eeee-70f4-43b4-93dd-00f41e081a73,Nestle Collect,Food & Beverage,No,"Create Account (e.g. Card, App, automatic, etc); Accumulated by Actions (redeemable for spending); Referral",Sustainability & Charitable Giving; Upgrades & Complimentary Offers,Suggested,Medium,Brand/press pages via search,Register (50 points); exchange empty packs for points; Bronze/Silver/Gold by number of products collected (tier mechanism not clearly spend-based: not coded); invite friends for points; recycling/waste-reduction purpose; gifts.
fcd15eb0-2cce-4d64-afba-1c74bbfb1f03,Panera (MyPanera),Food & Beverage,Yes,"Accumulated by Spending (redeemable for spending); Create Account (e.g. Card, App, automatic, etc); Spending at Brand/Partners - Temporary; Paid Subscription",Personalised Gifts; Upgrades & Complimentary Offers,Recoded,High,Panera press release via search,"Free MyPanera, 10 points per $1; MyPanera+ at $300 spend per calendar year (temporary); MyPanera+ Sip Club paid subscription; birthday reward, anniversary reward, monthly beverages."
240d571e-3a68-4e9b-bda1-558fe3112e39,Poke House Squad,Food & Beverage,Yes,"Do X, Get Y; Create Account (e.g. Card, App, automatic, etc)",Upgrades & Complimentary Offers,Recoded,High,Official programme page,"Free registration form, digital card in phone wallet; every 10th bowl... 11th free (punch-card style)."
c9dd4896-d58d-4276-9cba-dea02b7254d3,Red Royalty,Food & Beverage,Yes,"Create Account (e.g. Card, App, automatic, etc); Accumulated by Spending (redeemable for spending)",Personalised Gifts; Upgrades & Complimentary Offers; Cashback / Direct Discounts / Coupons,Suggested,Medium,Official programme page,Sign up online/app/mobile number; earn Red Royalty dollars per transaction; welcome and birthday reward; exclusive offers. Four tiers exist but the qualification basis is not on the page: tier mechanism NOT coded.
8402d8bd-7d91-43b0-a9c3-538622373dfd,Soho House,Food & Beverage,Yes,Paid Subscription,Experiential Exclusivity; Community & Networking,Suggested,Medium,"Official page (pass 1, OK (partial))","Mechanisms: Hub tiers: Local House EUR 950, Every House EUR 750 (fee not on page). Page: ""Apply for membership"". | Benefits: ""Book more than 2,400 monthly events and experiences""; ""Access to 48 Houses in 19 countries""; ""Train in 22 gyms, enjoy treatments in 11 spas""; ""connect with other members in club spaces and restaurants"". | Flag: Cross-house access = own-group benefit, no clear slot (codebook question 2)."
600f4fb8-74b9-4c87-8e10-7d721d225635,Starbucks Reward,Food & Beverage,Yes,"Create Account (e.g. Card, App, automatic, etc); Accumulated by Spending (redeemable for spending); Spending at Brand/Partners - Temporary",Personalised Gifts; Personalisation; Service Exclusivity & Priority Access; Cashback / Direct Discounts / Coupons,Recoded,High,"Official page (pass 1, OK (Portugal))","Mechanisms: Account: ""Descarregue a app Starbucks Rewards"". Points: ""ganhe 100 estrelas por cada euro de consumo""; ""Com 2.500 estrelas comece a desbloquear recompensas"". Tier: ""Acumule 10.000 estrelas em 12 meses para aceder ao nível Gold"". | Benefits: ""Uma bebida de oferta no seu aniversário""; ""personalizar as suas bebidas sem custo adicional""; ""acesso antecipado a novos produtos""; ""ofertas exclusivas"". | Flag: Page says Gold = 10,000 stars in 12 months; Hub tier row says Gold = 500 points. Fix the Hub tier."
9200aee2-84f3-49e4-9d6e-1945ebc762a4,Taco Bell Rewards,Food & Beverage,Yes,"Accumulated by Spending (redeemable for spending); Create Account (e.g. Card, App, automatic, etc); Referral",Personalised Gifts; Service Exclusivity & Priority Access,Suggested,Medium,Official programme page,App registration; 1 Taco Point per $1; rewards for inviting friends; free meal on birthday; early access to menu items. Page is a regional (AU) version.
bc66c2de-b909-4412-9573-2a96f5a05135,TastyRewards,Food & Beverage,No,,,To recode,Low,Search,No source found for this programme. Not coded.
cd40a05a-c897-4baa-8e64-a83339c08bc6,The Supper Club,Food & Beverage,Yes,Paid Subscription,Community & Networking; Experiential Exclusivity,Suggested,Medium,Official Helm site (helmclub.co),"Paid curated membership for founders/CEOs: chaired forum groups, 160+ events a year, curated introductions, member messaging. INDUSTRY WARNING: this is a business-community club, not food & beverage."
2d18b7cb-16f5-4fe5-9488-5ee2decb266c,The club,Food & Beverage,No,,,To recode,Low,Search,Hub row 'The club' (Coca-Cola) not identifiable; only Coca-Cola Rewards (codes under caps -> points) found. Not coded.
3059b699-7b2a-4d92-8c8d-d2b44d42d697,Wine Access Michelin Club,Food & Beverage,No,Paid Subscription,Cashback / Direct Discounts / Coupons; Experiential Exclusivity; Flexibility & Credit,Suggested,Medium,Brand/press pages via search,"Paid subscription (5 seasonal boxes a year); 10% off other purchases, private events, bottle credit if not pleased."
82e50b11-f4c4-44af-a8fa-2e4251f59316,Zero Bond,Food & Beverage,Yes,Paid Subscription; Invite,Experiential Exclusivity; Service Exclusivity & Priority Access; Partner Benefits,Recoded,High,"Official page (pass 1, OK)","Mechanisms: Dues + initiation fees by age band (30 and under, General 30-45, Over 45). ""Global Lifetime Memberships are available by invitation only"". | Benefits: ""Cultural Member Events""; ""Priority Reservations"" at BOND restaurants; ""Preferred Rates at our partner hotels"". | Flag: Tiers are by age, not by activity."
b7345b43-f850-4673-ae37-02fc5410a6a5,Zomato Gold,Food & Beverage,Yes,Paid Subscription,Cashback / Direct Discounts / Coupons; Service Exclusivity & Priority Access; Experiential Exclusivity; Partner Benefits,Suggested,Medium,Web research (secondary sources),"Paid 3-month/annual subscription: dining discounts at partner restaurants, free delivery, priority/on-time guarantee, invitations to curated events. Hub page is thin."
1945f322-63de-45b5-92cb-7f0d401923d9,app Alimenta Sorrisos,Food & Beverage,No,,,To recode,Low,Search,No source found. Not coded.
4de56ddc-6c77-4d7e-82d3-055933695930,Access by Troon,Golf,Yes,"Paid Subscription; Create Account (e.g. Card, App, automatic, etc); Accumulated by Spending (redeemable for spending)",Cashback / Direct Discounts / Coupons; Service Exclusivity & Priority Access; Experiential Exclusivity; Social / Transferable Benefits; Flexibility & Credit,Recoded,High,"Official page (pass 1, OK)","Mechanisms: Paid: Access Premium USD 249/yr, Premium+ 399/yr, Elite 1,999/yr, ""valid for 1 year after the purchase date"". Account: ""Sign up""/""Log in"". Points: ""Every tee time ... and every eligible Access Shop purchase earns you points"", redeem ""for rounds, gear, or shop credit"". | Benefits: ""15% off every tee time""; ""10-15% back in Access Shop credit""; ""Exclusive early access to Member for a Day events""; guest passes ""3, 6, or unlimited""; ""Annual shop discounts $100, $150 or up to $500"". | Flag: Hub also lists free points tiers (Silver/Gold/Platinum); the page shows the paid tiers. Hybrid programme."
be5d797a-a6a5-4a25-a8c9-20ade6c24435,Advantage Points,Golf,No,"Create Account (e.g. Card, App, automatic, etc); Accumulated by Spending (redeemable for spending)",Personalisation; Cashback / Direct Discounts / Coupons; Partner Benefits,Suggested,Medium,"Official page (pass 1, OK)","Mechanisms: Account: ""create a password to join the program"". Points: ""Each booking you make will earn you Advantage Points"", redeemed ""for future reservations"". | Benefits: ""Personalized Service"" profile; ""Exclusive Savings""; ""Earn While You Play"" across golf packages, hotels, green fees, car rentals, transfers. | Flag: It is a travel-package agency card (Lisbon Package), adjacent to Golf, not a golf venue."
0271c88b-177c-44ac-aa2b-dbd164b764d3,Amendoeira Golf Resort Membership,Golf,Yes,Paid Subscription,Service Exclusivity & Priority Access; Cashback / Direct Discounts / Coupons,Suggested,Medium,"Official page (pass 1, OK (thin))","Mechanisms: ""Become a golf member ... via subscription""; 3-month option. Fees from Hub tiers (EUR 1,190 / 3,820). | Benefits: ""exclusive discounts, priority tee-time bookings, special privileges""."
74610356-d59e-40a9-9a5a-16a4c74fd0c0,Callaway Rewards,Golf,No,"Newsletter, Email, Phone; Accumulated by Spending (redeemable for spending); Accumulated by Actions (redeemable for spending); Spending at Brand/Partners - Lifetime & Cumulative",Points Inflation; Convenience Benefits; Service Exclusivity & Priority Access,Suggested,Medium,Official Callaway rewards page via search,"Free; 1 point per $ plus email sign-up/trade-in/demo-day points; Bronze to Platinum by points (1-4 points per $), tier kept permanently -> Lifetime; free shipping, early access, members-only products."
0567926d-f811-46e6-a91a-3a0952f7aacd,Carte Fidélité Golf,Golf,Yes,Paid Subscription; Accumulated by Spending (redeemable for spending),Cashback / Direct Discounts / Coupons; Partner Benefits,Recoded,High,"Official page (pass 1, OK)","Mechanisms: Gold Card ""€59"", International Gold Pack ""€99"", bought directly. Points: earned ""on all my spending in the network's golf courses and in certain partner hotels and restaurants""; ""Earn vouchers"". | Benefits: ""30 to 50% discount on green fees""; ""Over 800 courses worldwide""; partner hotels and restaurants."
e8dda43e-1b9c-4a84-bbc1-9db472dffe2e,Eligo Club,Golf,Yes,Paid Subscription,Experiential Exclusivity; Service Exclusivity & Priority Access; Community & Networking,Suggested,Medium,Web research (secondary sources),"Paid membership ($ annual + joining fee) with playing privileges at 100+ partner courses, concierge to book rounds, events and business network."
a8869323-fb70-46c5-a4f6-b305f47f4781,FootJoy Insider,Golf,No,"Create Account (e.g. Card, App, automatic, etc)","Convenience Benefits; Service Exclusivity & Priority Access; Sweepstakes, Contests & Prize Draws; Experiential Exclusivity",Suggested,Medium,Official FootJoy pages via search,"Free via FootJoy.com account; no points; free express shipping over $149, 60-day returns, early access and Insider-only products, dedicated service line, member sweepstakes, product testing."
a2d31294-6366-4efc-ae4f-f83737f76200,GSV Coaching Packages,Golf,Yes,,,To recode,Low,Hub page (price list),"Prepaid coaching packages, no loyalty mechanism documented. Kept in the Hub by team decision; not coded."
71fcf3ae-15d1-4220-b95d-d4dc3bf5b630,GolfPass,Golf,Yes,Paid Subscription; Accumulated by Spending (redeemable for spending),Cashback / Direct Discounts / Coupons; Flexibility & Credit,Suggested,Medium,Official site via search,"GolfPass+ annual membership; points earned on tee-time bookings redeemable for savings or membership; monthly promo codes, member pricing, waived booking fees, flexible cancellation (Tee Time Protection)."
f9d1131c-b2ff-4887-a1d5-5ae9eccc1b27,KemperCollection,Golf,Yes,Paid Subscription,Experiential Exclusivity; Cashback / Direct Discounts / Coupons; Social / Transferable Benefits,Suggested,Medium,Web research (secondary sources),"Reciprocity programme for members of KemperSports private clubs: preferred rates and access at 50+ courses, up to 3 guests. Mechanism = being a member of a participating club (club dues) coded Paid Subscription: decide codebook rule for 'access through club membership'."
155c6e83-9818-4f8b-a574-cca87e048697,Les Bordes Golf Club,Golf,Yes,Invite,,Suggested,Medium,"Official page (pass 1, OK (partial))","Mechanisms: ""invitation-only process with the proposal and support of existing Members"". | Benefits: No benefits on the page. | Flag: Estate residence owners are classed as Overseas members: possible Access by Ownership, not confirmed."
eac86a2b-3e08-4cbe-ad5e-dc962d524a81,PGA TOUR Rewards,Golf,No,"Create Account (e.g. Card, App, automatic, etc)","Service Exclusivity & Priority Access; Sweepstakes, Contests & Prize Draws; Cashback / Direct Discounts / Coupons; Experiential Exclusivity",Suggested,Medium,PGA TOUR announcement via search,"Free PGA TOUR Pass fan membership (account/app): ticket presales, member-only sweepstakes and experiences, retail offers."
f9b2f7fe-238b-4a03-98e0-966bd386c18b,Pestana Golf Membership,Golf,Yes,Paid Subscription,Social / Transferable Benefits; Cashback / Direct Discounts / Coupons; Service Exclusivity & Priority Access,Suggested,Medium,"Official page (pass 1, OK (price not on page))","Mechanisms: Hub tier price EUR 3,990; the page lists 'Opção de Membro' (course options) and an application form but no price. | Benefits: ""Um jogador pode apresentar até 3 convidados por dia com até 50% de desconto""; ""Descontos exclusivos até 15%"" (restaurants, bars, pro shop; Pestana Group hotels); ""Até 14 dias de Tee Time Privileges"". | Flag: Own-group discounts (Pestana hotels) have no clear benefit slot (codebook question 2). Fee confirmed only by Hub data."
2bd2cd76-9fd6-4e92-8415-fdf5e692d4ff,PlatinumClubNet,Golf,Yes,,Partner Benefits; Service Exclusivity & Priority Access; AI-Powered Benefits; Community & Networking; Experiential Exclusivity,Suggested,Medium,"Official page (pass 1, OK (partial))","Mechanisms: No scorecard mechanism documented: access is for ""registered Platinum Clubs and their members"". | Benefits: ""Direct booking at over 400 private golf courses""; ""White-glove service""; ""AI-enhanced recommendation engine""; networking; ""Request access to the top 1% of private clubs"". | Flag: Access through belonging to a member club is not 'ownership of an asset': Access by Ownership not coded; decide."
a3a00aee-da77-4191-8a1b-7fefc1c443da,Porsche Golf Circle,Golf,Yes,"Access by Ownership; Create Account (e.g. Card, App, automatic, etc)",Community & Networking; Experiential Exclusivity,Suggested,Medium,Porsche Newsroom via search,Open to Porsche owners; free app community to network and find playing partners; 3-4 international events at exclusive courses.
ba80d026-c4f2-42a6-80da-8d05c8737f2a,Queenwood Golf Club,Golf,Yes,Paid Subscription; Invite,Experiential Exclusivity,Suggested,Low,Web research (secondary sources),"Invitation-only, vetted membership with large joining fee (secondary sources only; no official page). Events/members-only activities."
c78f68af-fc84-4b80-9165-176f6cb12dee,TaylorMade Rewards,Golf,No,"Create Account (e.g. Card, App, automatic, etc); Newsletter, Email, Phone; Accumulated by Spending (redeemable for spending); Accumulated by Actions (redeemable for spending)",Points Inflation; Cashback / Direct Discounts / Coupons; Sustainability & Charitable Giving; Experiential Exclusivity,Suggested,Medium,Brand/press pages via search,"Free; points at sign-up and newsletter, 1 point per $ (Par/Birdie/Eagle earn rates; qualification basis not clear: tier NOT coded), bonus for reviews/app; points redeemed as cash, donations, golf experiences."
4e8d4f29-a22d-4a6d-98fd-90b51ecad4c7,Team Titleist,Golf,No,,"Community & Networking; Sweepstakes, Contests & Prize Draws; Experiential Exclusivity",Suggested,Medium,Brand/press pages via search,"Free community: product testing, clinics and member outings, sweepstakes incl. money-can't-buy experiences, forums. Enrolment route not documented."
eb23353d-f1f2-4d01-8a4a-73d53f890ee5,Top 100 Golf Courses,Golf,Yes,,,To recode,Low,No usable page,Hub URL is the ranking site; no membership terms found in page or search. Not coded.
8df36c63-44ef-47fc-b217-e864e085cf94,Topgolf Memberships,Golf,Yes,Paid Subscription,Cashback / Direct Discounts / Coupons; Upgrades & Complimentary Offers; Service Exclusivity & Priority Access; Social / Transferable Benefits,Suggested,Medium,Official memberships page + FAQ via search,"PlayMore/Platinum Club/Platinum Elite paid memberships; 20% off food/retail; free gameplay hours, upgraded clubs; priority bay access (Elite); free Topgolf accounts for 5 guests per visit. Perks vary by venue."
b4e8c046-7775-417a-b31a-d6706642aa73,Troon Privé (Private Club Golf),Golf,Yes,Paid Subscription,Experiential Exclusivity; Cashback / Direct Discounts / Coupons; Social / Transferable Benefits,Suggested,Medium,Official Troon page (fetched),Privilege for full members of Troon Privé clubs: play other private clubs in the portfolio at preferred rates; up to 3 guests. Mechanism = being a (paying) club member; own-portfolio access is not coded as Partner Benefits (codebook rule needed).
f140f4ff-73aa-4502-89cf-0137e51305f8,Vale do Lobo Golf Club Membership,Golf,Yes,Paid Subscription; Access by Ownership,Service Exclusivity & Priority Access; Experiential Exclusivity; Social / Transferable Benefits; Upgrades & Complimentary Offers; Cashback / Direct Discounts / Coupons,Suggested,Medium,Web research (secondary sources),"Annual fee + admittance fee (Non-Resident vs Resort Members; resort members are property owners -> Access by Ownership, check). Priority tee times, members-only tournaments, 12 guests/year at 50% off, free range tokens."
b3f9e3cd-c65f-4ae6-94e1-6ca54c1e3614,Vilamoura Golf Membership,Golf,Yes,Paid Subscription,Service Exclusivity & Priority Access; Cashback / Direct Discounts / Coupons; Social / Transferable Benefits,Recoded,High,"Official page (pass 1, OK (subpage; Hub URL is the homepage))","Mechanisms: ""Annual Fee subscription is valid ... for 12 consecutive months"" (also 6- and 3-month); EUR 4,820 individual / 7,718 couple. No spend or frequency threshold. | Benefits: ""Tee-off time bookings available up to 6 days in advance""; ""40% discount on the Green Fee for the Old Course""; ""40% discount on the Green Fee for the Subscriber's guests"". | Flag: Update source_url to /en/memberships/. 'Couple' plan priced but no family benefit stated."
80d75e81-ff7b-4aa5-8285-8c605ef4aaaa,ALL Accor,Hotels & Hospitality,Yes,"Create Account (e.g. Card, App, automatic, etc); Accumulated by Spending (redeemable for spending); Spending at Brand/Partners - Temporary",Cashback / Direct Discounts / Coupons; Points Inflation,Suggested,Medium,"Official page (pass 1, OK)","Mechanisms: Account: ""Tornar-se membro"". Points: Reward points per €10 spent, ""2000 pontos Reward = 40 €"". Six status levels; qualification and reset not on this page (Hub: points thresholds). | Benefits: Discounts at 3,000+ hotels; points per €10 scale from ""25"" (Classic) to ""50"" (Diamond/Limitless). | Flag: Tier criteria taken from Hub (points); verify reset period."
06f428aa-604f-4e6c-9d3f-1271d9e7b7b1,Best Western Rewards,Hotels & Hospitality,Yes,"Spending at Brand/Partners - Temporary; Accumulated by Spending (redeemable for spending); Create Account (e.g. Card, App, automatic, etc)",Points Inflation; Cashback / Direct Discounts / Coupons; Flexibility & Credit; Service Exclusivity & Priority Access; Upgrades & Complimentary Offers; Convenience Benefits,Suggested,Medium,Secondary sources via search (official page blocked to bots),"Blue plus Gold/Platinum/Diamond/Diamond Select by qualifying nights per year; 10 pts per $; member rates, no blackout dates, points never expire, exclusive reservation line, upgrades, early check-in/late check-out."
c4acea3f-e5ef-454d-bca2-20239ed9eac3,Choice Privileges,Hotels & Hospitality,Yes,"Spending at Brand/Partners - Temporary; Accumulated by Spending (redeemable for spending); Create Account (e.g. Card, App, automatic, etc)",Points Inflation; Convenience Benefits; Flexibility & Credit; Service Exclusivity & Priority Access; Upgrades & Complimentary Offers,Suggested,Medium,Secondary sources via search (official page blocked to bots),"Gold to Titanium by nights or credits per year; bonus points 10-50%; early check-in/late checkout, parking, rollover nights, guaranteed availability, upgrades, welcome gift, breakfast."
899953fc-fa06-4e69-be93-48b3b83f4f1c,Clube de Fidelização,Hotels & Hospitality,Yes,"Create Account (e.g. Card, App, automatic, etc); Spending at Brand/Partners - Temporary",Cashback / Direct Discounts / Coupons; Service Exclusivity & Priority Access; Convenience Benefits; Upgrades & Complimentary Offers,Recoded,High,"Official page (pass 1, OK)","Mechanisms: Account: ""ADIRA JÁ"", ""Não há custos, nem cartões físicos"". Tier: ""Complete 10 noites em 12 meses como membro Star"" to reach Premium. | Benefits: Star ""10% de desconto"" (stays, wines, restaurants, spa); Premium ""Desconto direto de 15%""; ""Acesso exclusivo a campanhas privadas"", ""priority reservations""; early check-in / extended check-out until 3 PM; ""Uma garrafa de água no quarto"". | Flag: Vila Galé (Portugal): useful local benchmark."
e3f1ea09-c7bf-4ba4-9cf2-9da3e722e25d,Disney Vacation Club,Hotels & Hospitality,Yes,Access by Ownership,Experiential Exclusivity; Cashback / Direct Discounts / Coupons; Flexibility & Credit; Partner Benefits,Recoded,High,"Official page (pass 1, OK)","Mechanisms: ""Purchase a real estate interest from DVC, represented by Vacation Points""; access to member lounges, events and discounts follows ownership. | Benefits: ""Member-only events"" and lounges; ""hundreds of discounts available to DVC Members""; unused points ""roll to subsequent years""; access to DVC resorts, Disney Cruise Line, Adventures by Disney. | Flag: Clear Access by Ownership case (timeshare-type)."
c1af95d5-8f3e-4779-ac67-3b2873a112df,GHA DISCOVERY,Hotels & Hospitality,Yes,"Create Account (e.g. Card, App, automatic, etc); Accumulated by Spending (redeemable for spending); Spending at Brand/Partners - Temporary","Cashback / Direct Discounts / Coupons; Upgrades & Complimentary Offers; Partner Benefits; Sweepstakes, Contests & Prize Draws",Suggested,Medium,"Official page (pass 1, OK)","Mechanisms: Account: ""JOIN NOW - IT'S FREE!"" via website account or app. Points: ""receive up to 7% back in DISCOVERY Dollars (D$) to spend on your future getaways"". Tiers (Titanium) earned through eligible stays; threshold and reset not stated. | Benefits: ""Member Rates""; ""receive up to 7% back in D$""; ""free breakfast"" with Titanium; Club Avolta partnership; ""Win D$5,000 or Titanium for life — no stay required!"". | Flag: Scavenger-hunt style contest coded as Sweepstakes, not Missions: check."
54fd095b-3892-47d2-963e-a588de504331,GoTo Pass,Hotels & Hospitality,Yes,"Create Account (e.g. Card, App, automatic, etc); Spending at Brand/Partners - Temporary; Accumulated by Spending (redeemable for spending)",Cashback / Direct Discounts / Coupons; Convenience Benefits; Points Inflation,Recoded,High,"Official page (pass 1, OK (Japan residents))","Mechanisms: Account: registration via website or app. Tiers: Gold ""at least 400 base points"", Platinum ""at least 1,500"", based on points ""from January through December"" (resets yearly). Points on bookings with Iconia Hospitality. | Benefits: 5% off at restaurants/shops; Platinum early check-in; bonus points for Gold/Platinum. | Flag: Registration only for residents of Japan."
81edf2ae-6e3d-49bf-9e1c-f126641b62ae,Hilton Honors,Hotels & Hospitality,Yes,"Spending at Brand/Partners - Temporary; Accumulated by Spending (redeemable for spending); Create Account (e.g. Card, App, automatic, etc)",Upgrades & Complimentary Offers; Service Exclusivity & Priority Access; Points Inflation; Proprietary Credit Card Benefits,Suggested,Medium,Secondary sources via search (official page blocked to bots) + Hilton newsroom,"Silver/Gold/Diamond by stays, nights or spend per calendar year (requalify annually); 20/80/100% bonus points; room upgrade, lounge access, 48-hour room guarantee; co-brand Amex cards grant status."
fe108e8b-4d50-4eda-aea3-eeac32a7ac9a,I Prefer Hotel Rewards,Hotels & Hospitality,Yes,"Create Account (e.g. Card, App, automatic, etc); Accumulated by Spending (redeemable for spending)",Points Inflation; Cashback / Direct Discounts / Coupons; Upgrades & Complimentary Offers,Suggested,Medium,"Official page (pass 1, OK (partial))","Mechanisms: Account: ""JOIN FOR FREE"", app. Points: ""Points for Free Nights"" redeemable rewards. | Benefits: ""Earn 2x base points on stays""; ""exclusive rates""; ""Upgrades and Amenities""."
56df7b4c-59eb-4d18-82a0-d43d2498fc3f,IHG One Rewards,Hotels & Hospitality,Yes,"Spending at Brand/Partners - Temporary; Accumulated by Spending (redeemable for spending); Create Account (e.g. Card, App, automatic, etc)",Points Inflation; Upgrades & Complimentary Offers; Convenience Benefits; Service Exclusivity & Priority Access,Suggested,Medium,Secondary sources via search (official page blocked to bots),"Silver/Gold/Platinum/Diamond by qualifying nights or points per year; bonus points 60-100%; complimentary upgrades, welcome amenity, early check-in, dedicated Diamond support."
832b51cc-eac6-4022-8072-de66081f412d,Loews YouFirst,Hotels & Hospitality,Yes,,,To recode,Low,Search,Programme terminated in 2018 (Loews has no individual loyalty programme). Recommend removal. Not coded.
46ff6bec-a8f7-4de3-a1bc-2b897c9dfc29,MGM Rewards,Hotels & Hospitality,Yes,Spending at Brand/Partners - Temporary; Accumulated by Spending (redeemable for spending); Invite,Upgrades & Complimentary Offers; Convenience Benefits; Service Exclusivity & Priority Access; Cashback / Direct Discounts / Coupons; Points Inflation; Partner Benefits; Flexibility & Credit,Suggested,Medium,Secondary sources via search (official page blocked to bots),"Sapphire/Pearl/Gold/Platinum by tier credits (gaming + non-gaming spend); Noir invitation-only; upgrades, parking/valet/resort-fee waiver, 24-hour guaranteed reservations, retail discount, slot bonus, cruise partner perk, travel credit. Industry flag: casino-resort (Hotels vs Nightlife)."
0651490c-baf2-4fa0-b890-1de7aeee416f,Marriott Bonvoy,Hotels & Hospitality,Yes,"Create Account (e.g. Card, App, automatic, etc); Spending at Brand/Partners - Temporary; Accumulated by Spending (redeemable for spending)",Convenience Benefits; Upgrades & Complimentary Offers; Partner Benefits; Points Inflation,Recoded,High,"Official page (pass 1, OK)","Mechanisms: Account: ""Join Now"" via website or app. Tiers by nights per year (Silver 10, Gold 25, Platinum 50, Titanium 75, Ambassador 100+ with $23,000 spend), annual. Points on stays, partners, credit card; redeem for nights, flights, dining, golf, spa. | Benefits: ""Free in-room Wi-Fi"", ""Mobile check-in"", late checkout; room upgrades and ""Welcome Gift Choice""; airline, tours partners; bonus point multipliers by tier. | Flag: 'Ambassador Elite' is a tier name, not the Ambassador mechanism: not coded."
d91c12f9-c8d8-41b8-b06a-435ac3cf3160,Minor DISCOVERY,Hotels & Hospitality,Yes,"Create Account (e.g. Card, App, automatic, etc); Spending at Brand/Partners - Temporary; Accumulated by Spending (redeemable for spending)",Cashback / Direct Discounts / Coupons; Convenience Benefits; Upgrades & Complimentary Offers; Experiential Exclusivity,Recoded,High,"Official page (pass 1, OK)","Mechanisms: Account: registration (""Adira já""). Tiers: Gold ""2 nights or $1,000/year"", Platinum 10 nights or $5,000, Titanium 30 nights or $15,000; ""status ... permanece em vigor até dezembro do ano civil seguinte"". Points: 4-7% back as DISCOVERY Dollars, ""1 D$ = 1 USD"". | Benefits: ""Descontos para membros até 10%""; WiFi; late checkout, early check-in; room upgrades, breakfast; ""exclusive local experiences"". | Flag: Tier basis is nights OR spend (annual)."
a32d9ed4-837b-45f0-a2ba-f47680c8af0f,Omni Select Guest,Hotels & Hospitality,Yes,"Spending at Brand/Partners - Temporary; Accumulated by Spending (redeemable for spending); Create Account (e.g. Card, App, automatic, etc)",Upgrades & Complimentary Offers; Convenience Benefits; Service Exclusivity & Priority Access,Suggested,Medium,Secondary sources via search (official page blocked to bots),"Spend-based tiers (Member/Insider $1,000/Champion $4,000/Icon $8,000; reset period not confirmed); Omni Credits per $ and night; Wi-Fi, welcome drink, upgrades, flexible check-in/out, guaranteed availability."
75fc0710-9f00-4ff4-8878-9ba9957c4d57,One Harmony,Hotels & Hospitality,Yes,"Create Account (e.g. Card, App, automatic, etc); Spending at Brand/Partners - Temporary; Accumulated by Spending (redeemable for spending)",Cashback / Direct Discounts / Coupons; Upgrades & Complimentary Offers; Personalised Gifts; Convenience Benefits; Points Inflation,Recoded,High,"Official page (pass 1, OK)","Mechanisms: Account: ""registration ... exclusively through our official online portal"". Tiers (Member, Loyal, Exclusive, Exclusive Plus): annual points or stays, ""status is valid for one year"". Points: ""3 points per 100 JPY"" stays, redeem for stay awards or room upgrades. | Benefits: ""10% dining privilege""; room upgrades; ""Anniversary Dessert""; early check-in and complimentary parking; ""25%"" / ""50%"" bonus points by tier."
54889c2c-7a6e-4771-8538-d6549a6fdad5,Pestana Guest Club,Hotels & Hospitality,Yes,"Create Account (e.g. Card, App, automatic, etc); Spending at Brand/Partners - Temporary; Access by Ownership; Invite",Cashback / Direct Discounts / Coupons; Upgrades & Complimentary Offers; Convenience Benefits; Service Exclusivity & Priority Access; Personalised Gifts; Sustainability & Charitable Giving,Recoded,High,"Official page (pass 1, OK)","Mechanisms: Create Account: ""register and book their stays through the PESTANA HOTEL GROUP websites"". Temporary: Silver/Gold by nights stayed ""over the course of one year""; ""validity of the tier level ... is one year"". Ownership+Invite: Diamond ""registration via a link sent to customers who are part of the Pestana Vacation Club or Residences, or by invitation"". | Benefits: Discounts: ""10% / 15% / 20% discount on the stay"". Upgrade: ""Free room upgrade""; welcome gift. Convenience: early check-in / late check-out. Priority: ""Telephone line with priority customer support"". Birthday: ""A birthday voucher"". ""Travel for Change programme"". | Flag: Tiers are by NIGHTS, not spend: coded Temporary (see codebook question 1). Hub v3 has 'Spend-based earning' and 'External partner network' but the page shows no points or partners: check."
dd17cb3e-12e3-4b56-a573-f5b4711f57cc,Radisson Rewards,Hotels & Hospitality,Yes,"Spending at Brand/Partners - Temporary; Accumulated by Spending (redeemable for spending); Create Account (e.g. Card, App, automatic, etc)",Cashback / Direct Discounts / Coupons; Points Inflation; Upgrades & Complimentary Offers; Convenience Benefits; Experiential Exclusivity,Suggested,Medium,Secondary sources via search (official page blocked to bots),"Club at enrolment; Premium (5 nights/3 stays) and VIP (30 nights/20 stays) in a rolling 12 months; discounts on F&B/bookings, bonus points, upgrades, early check-in/late check-out, exclusive VIP areas."
15c1ae0e-1725-4e33-abbe-c8e93df51ecb,Rotana DISCOVERY,Hotels & Hospitality,Yes,"Create Account (e.g. Card, App, automatic, etc); Spending at Brand/Partners - Temporary; Accumulated by Spending (redeemable for spending)",Cashback / Direct Discounts / Coupons; Upgrades & Complimentary Offers; Convenience Benefits; Partner Benefits,Recoded,High,"Official page (pass 1, OK)","Mechanisms: Account: ""Join Now For Free"" with a GHA DISCOVERY account. Tiers: Gold ""2 times or spend USD 1,000"", Platinum ""10 Nights, spending USD 5,000 or staying at 2 Brands"", Titanium 30 nights / USD 15,000 / 3 brands. Points: ""earn D$ on every eligible stay"". | Benefits: ""10% exclusive savings""; ""room upgrades, early check-in, and late check-out""; ""free cancellation""; ""access to 950+ Global Hotel Alliance properties"". | Flag: Same scheme as GHA DISCOVERY and Minor DISCOVERY."
adea9721-c44c-4d39-b9e9-0d68bc4f3b1d,SANA Card,Hotels & Hospitality,Yes,,,To recode,Low,Official SANA site via search,"Corporate card 'exclusively for business customers' (15% off best rate, F&B/SPA discounts). B2B: recommend deletion under the B2B rule. Not coded."
b906b0b1-6771-4ee5-8b7d-496c6fb466b6,SLH Club,Hotels & Hospitality,Yes,"Create Account (e.g. Card, App, automatic, etc); Spending at Brand/Partners - Temporary","Cashback / Direct Discounts / Coupons; Convenience Benefits; Upgrades & Complimentary Offers; Service Exclusivity & Priority Access; Partner Benefits; Experiential Exclusivity; Sweepstakes, Contests & Prize Draws; Sustainability & Charitable Giving",Suggested,Medium,"Official page (pass 1, OK)","Mechanisms: Create Account: ""Sign up"" / ""Log in"", mobile app. Tiers: ""for every night you booked"" (Club 01/02/03). Reset not stated. | Benefits: Club Rate access; ""flexible check-in/check-out""; ""complimentary continental breakfast, room upgrades"" (Club 02); ""reward night voucher"" (Club 03); ""occasional priority access to the SLH Bonus Rate""; ""special partner offers""; ""access to exclusive events""; ""the chance to win free nights""; ""we'll plant two trees"". | Flag: Nights-based tier with NO stated reset: Temporary or Lifetime? Needs the T&Cs. Previous INVITED members transferred automatically (legacy invite)."
7ef6f885-5fb1-4eaf-91e0-b99784b5b4aa,Shangri-La Circle,Hotels & Hospitality,Yes,"Create Account (e.g. Card, App, automatic, etc); Accumulated by Spending (redeemable for spending)",Points Inflation; Upgrades & Complimentary Offers; Service Exclusivity & Priority Access; Experiential Exclusivity; Family Benefits; Cashback / Direct Discounts / Coupons,Suggested,Medium,"Official page (pass 1, OK)","Mechanisms: Account: ""Join Now"" / ""Sign in"". Points: ""Earn Points on your next meal, vacation or celebration""; ""Use your Points for free room nights, dining experiences, spa treatments"". Four tiers (Gold, Jade, Diamond, Polaris), qualification not on the page. | Benefits: ""Enjoy 25% more Points; complimentary daily breakfast""; ""priority waitlist""; ""Club Lounge access""; ""Share privileges with family""; ""member exclusive offers"". | Flag: Tier mechanism not coded because the page does not say how tiers are earned."
a56f4e0f-ba71-4e5f-82df-81d6ff899e6b,Six Senses Discovery,Hotels & Hospitality,Yes,,,To recode,Low,Search,NOT A STANDALONE PROGRAMME: Six Senses participates in GHA DISCOVERY and IHG One Rewards. Hub URL points to the IHG page. Recommend removing/merging into GHA DISCOVERY. Not coded.
23d8ef73-510c-405c-b2dd-b10703e19e8b,Sonesta Travel Pass,Hotels & Hospitality,Yes,"Spending at Brand/Partners - Temporary; Accumulated by Spending (redeemable for spending); Create Account (e.g. Card, App, automatic, etc)",Cashback / Direct Discounts / Coupons; Upgrades & Complimentary Offers; Convenience Benefits; Service Exclusivity & Priority Access; Points Inflation; Partner Benefits,Suggested,Medium,Sonesta newsroom + reviews via search,"Free enrolment online/at hotel; Bronze/Silver/Gold/Platinum by nights or points; 10 points per $; member rates, Wi-Fi, upgrades, early check-in/late check-out, exclusive reservation line, bonus points, partner offers."
e33ef89d-f2b9-4649-88f1-587cda43f72b,World of Hyatt,Hotels & Hospitality,Yes,"Spending at Brand/Partners - Temporary; Accumulated by Spending (redeemable for spending); Create Account (e.g. Card, App, automatic, etc)",Points Inflation; Upgrades & Complimentary Offers; Convenience Benefits; Service Exclusivity & Priority Access; Social / Transferable Benefits,Suggested,Medium,Secondary sources via search (official page blocked to bots) + Hub feature,"Discoverist/Explorist/Globalist by tier-qualifying nights or base points per calendar year; bonus points; upgrades, early check-in/late check-out, club-lounge access; Guest of Honor (gift status perks) from Hub feature, not re-verified."
fd84cb70-c689-4e9c-a11a-aae728b3c89e,Wyndham Rewards,Hotels & Hospitality,Yes,"Create Account (e.g. Card, App, automatic, etc); Accumulated by Spending (redeemable for spending); Spending at Brand/Partners - Temporary",Cashback / Direct Discounts / Coupons; Convenience Benefits; Points Inflation,Suggested,Medium,"Official page (pass 1, OK (Portuguese version))","Mechanisms: Create Account: ""Crie sua conta"". Points: ""Ganhe 10 pontos por dólar"" (spend), redeem ""noites gratuitas a partir de 7.500 pontos"". Tiers by nights (Blue/Gold/Platinum/Diamond), thresholds and reset not on this page. | Benefits: ""Economize até 15%""; ""Check-in e check-out pelo celular"", ""Wi-Fi grátis""; ""Ganhe até 3 Noites Grátis com a nossa oferta de 4X pontos"". | Flag: Thresholds come from Hub tiers (10/20/40 nights). Page served in Portuguese."
c1172778-446f-455e-a605-d2d200e1fe75,Annual Passholder,Leisure & Entertainment,No,Paid Subscription,Cashback / Direct Discounts / Coupons; Convenience Benefits; Experiential Exclusivity; Upgrades & Complimentary Offers,Suggested,Medium,Secondary sources via search,"Paid annual pass tiers (Disney World); up to 20% dining/merchandise discounts, complimentary parking, passholder events and previews, seasonal gifts."
94dedd6b-45cf-4fa3-974d-e0122bdb280a,Bloomberg Subscriptions,Leisure & Entertainment,No,Paid Subscription,Experiential Exclusivity; Cashback / Direct Discounts / Coupons,Suggested,Medium,Secondary/official help pages via search,Paid Digital and All Access plans; All Access includes BloombergLIVE events; student discount.
c9fd651a-f45c-44e3-87fa-676a1d4e2825,Coursera Plus,Leisure & Entertainment,No,Paid Subscription,,Suggested,Medium,Secondary/official help pages via search,Paid monthly/annual subscription to the course catalogue; no loyalty perks beyond core product.
d15e2b0d-7c9a-481d-8a0a-26204475ee17,Epic Pass,Leisure & Entertainment,No,Paid Subscription,Cashback / Direct Discounts / Coupons; Social / Transferable Benefits; Convenience Benefits,Recoded,High,"Official page (pass 1, OK)","Mechanisms: Pass products: Epic Pass, Epic Local Pass, day passes, regional and specialty passes; priced per pass. | Benefits: ""20% off food, lodging, group lessons and more"" (Epic Mountain Rewards); ""Epic Friend Tickets: share up to 50% off Lift Tickets with friends & family""; ""Mobile Pass"" hands-free lift access. | Flag: Seasonal pass = Paid Subscription (no spend or frequency threshold)."
5797b49d-19d4-4318-a503-711acc806762,Financial Times Subscriptions,Leisure & Entertainment,No,Paid Subscription,Social / Transferable Benefits,Suggested,Medium,Secondary/official help pages via search,Paid Standard/Premium Digital; gift articles to share (10/20 per month); premium newsletters.
7ae7d159-b9f4-4517-9562-877ddcc3004b,HBR Subscriptions,Leisure & Entertainment,No,Paid Subscription,Upgrades & Complimentary Offers; Cashback / Direct Discounts / Coupons,Suggested,Medium,Secondary/official help pages via search,Paid Digital / Print & Digital / Premium (and Executive) subscriptions; Premium gets quarterly eBooks and event discounts.
97fffb96-c0a0-48c2-a83c-db93fb87938b,Ikon Pass,Leisure & Entertainment,No,Paid Subscription,Social / Transferable Benefits; Cashback / Direct Discounts / Coupons; Service Exclusivity & Priority Access,Recoded,High,"Official page (pass 1, OK)","Mechanisms: Passes bought directly: Session, Base and full Ikon Pass, USD 319 to 1,449. | Benefits: ""25% OFF FRIENDS & FAMILY""; ""UP TO 15% OFF FOOD & RETAIL""; ""FIRST TRACKS"" early mountain access. | Flag: Page mentions an ambassador programme without detail: Ambassador not coded."
4139e2f8-858b-4c7c-9f81-09acaa02fcd9,LEGO Insiders / LEGO Ideas,Leisure & Entertainment,No,"Accumulated by Spending (redeemable for spending); Accumulated by Actions (redeemable for spending); Create Account (e.g. Card, App, automatic, etc)",Cashback / Direct Discounts / Coupons; Service Exclusivity & Priority Access; Upgrades & Complimentary Offers,Suggested,Medium,Secondary sources via search,"Free; 6.5 points per $; extra points for registering sets, surveys, content; points spent on vouchers/rewards; early access to releases, gifts-with-purchase; no spend tiers."
c23c6398-dea5-450d-ad19-855bf5b9f667,Oracle Red Bull Racing,Leisure & Entertainment,No,"Accumulated by Actions (redeemable for spending); Missions/Gamification; Referral; Create Account (e.g. Card, App, automatic, etc)","Personalised Gifts; Sweepstakes, Contests & Prize Draws; Experiential Exclusivity; Cashback / Direct Discounts / Coupons",Suggested,Medium,Official MyPaddock pages via search,"Free MyPaddock: points for activities, referrals; levels (Rookie to World Champion) by lifetime points, never lost; birthday/anniversary gifts, sweepstakes, experiences, shop codes. Tier mechanism coded as Missions (levels by activity), check."
11167465-5002-416e-aab7-efb7150b1669,Spotify Premium,Leisure & Entertainment,No,Paid Subscription,Family Benefits; Cashback / Direct Discounts / Coupons; Partner Benefits,Suggested,Medium,Secondary sources via search,Paid Individual/Student/Duo/Family plans; family plan up to 6 accounts; student/duo/family discounts; student bundle with Hulu (partner).
eb7aca64-4076-47b5-a509-dd5f09aa5f37,Super Duolingo,Leisure & Entertainment,No,Paid Subscription; Missions/Gamification,Family Benefits,Suggested,Medium,Secondary/official help pages via search,Paid subscription; Family plan up to 6 users; streaks with Super-day gifts at milestones (gamification applies to the whole app).
9849c01b-694d-4265-afb4-4bc0cef1bad2,TIFF Membership,Leisure & Entertainment,No,Paid Subscription,Service Exclusivity & Priority Access; Experiential Exclusivity; Cashback / Direct Discounts / Coupons; Upgrades & Complimentary Offers; Personalised Gifts,Suggested,Medium,TIFF site via search,"Paid individual/contributor memberships: first access/pre-sale tickets, members-only events, up to 25% ticket and 15-20% shop/concession discounts, free Cinematheque screenings, birthday popcorn."
c017b7a9-f5c8-4f7d-a620-e931072fb6a3,XLife - Invited Clubs,Leisure & Entertainment,No,Paid Subscription,Experiential Exclusivity; Cashback / Direct Discounts / Coupons; Service Exclusivity & Priority Access; Upgrades & Complimentary Offers,Suggested,Medium,"Official page (pass 1, OK (test URL))","Mechanisms: Online application per tier; ""$500 Initiation Fee""; dues tiers (Base, XLife City, XLife Dine, City & Dine). | Benefits: ""Access to clubhouse workspaces. Meeting facilities. Dining access.""; ""50% off dinner + 25% off lunch at City Club LA""; ""30-day advance travel bookings""; ""12 rounds of golf/year"" included. | Flag: Hub URL is a test page (coles-test-empty-page): replace with the real membership URL."
8dbb77c1-f461-476f-a537-d818ca38fc92,Yellowstone Club,Leisure & Entertainment,No,Access by Ownership,Experiential Exclusivity; Community & Networking,Recoded,High,"Official page (pass 1, OK)","Mechanisms: ""Property ownership required"": Custom Residences, Multi-Family homes, Homesites, Ranches. | Benefits: Private skiing, golf course, ""Community gathering spaces"", wellness and dining. | Flag: Hub says Invitation only; the page does not mention it."
7b6a60cd-39d1-46a7-8b5e-525563e166c1,88 Membership Club / 88 VIP,Retail,No,"Create Account (e.g. Card, App, automatic, etc); Accumulated by Spending (redeemable for spending); Paid Subscription",Cashback / Direct Discounts / Coupons; Upgrades & Complimentary Offers,Suggested,Medium,Retailer/press pages via search,"Free 88 Membership Club for Tmall/Taobao users with membership points; paid 88 VIP (RMB88 for 1,000+ points, RMB888 otherwise): 5% discount, bundled memberships across Alibaba businesses."
a232111b-c3e0-44f9-9ad2-de3eb274dcf3,Amazon Prime,Retail,No,Paid Subscription,Convenience Benefits; Cashback / Direct Discounts / Coupons; Social / Transferable Benefits,Recoded,High,Amazon pages via search,"Paid: free shipping, member deals and Prime Day, Prime Video, household sharing."
bc64f5dd-096f-4539-b3a1-6eb781444784,App Lidl Plus,Retail,No,"Accumulated by Spending (redeemable for spending); Create Account (e.g. Card, App, automatic, etc)",Cashback / Direct Discounts / Coupons; Personalisation,Suggested,Medium,Official Lidl pages via search (UK/US),"Free; account in app; points per £ spent (valid 2 years) redeemable in Rewards Marketplace; personalised coupons and member prices. Source version is UK/US, Portugal programme may differ."
38566a9a-0d69-4019-be6e-6adfbb1c5b9e,App O Meu Pingo Doce,Retail,No,"Accumulated by Spending (redeemable for spending); Create Account (e.g. Card, App, automatic, etc)",Cashback / Direct Discounts / Coupons; Partner Benefits; Personalisation,Suggested,Medium,Official/retailer pages via search,App + Poupa Mais card: immediate discounts and points exchanged for vouchers; discounts at BP and EDP; personalised coupons; daily 'Poupa Shaker' coupon.
80d120d3-8146-4bd3-a676-f513010fb734,Aura,Retail,No,"Accumulated by Spending (redeemable for spending); Create Account (e.g. Card, App, automatic, etc)",Proprietary Credit Card Benefits,Suggested,Medium,Alshaya pages via search,Free app/in-store registration; 10 points per KWD 1 across 70+ brands; Hello/Star/VIP tiers by spend (rules not documented: tier NOT coded); NBK/Weyay co-brand Mastercard cards.
d70096a0-30b0-43b4-a070-28de85d969fa,Beauty Insider,Retail,No,Accumulated by Spending (redeemable for spending); Spending at Brand/Partners - Temporary,Points Inflation; Service Exclusivity & Priority Access; Convenience Benefits; Personalised Gifts; Experiential Exclusivity,Suggested,Medium,Retailer/press pages via search,"Sephora: 1 point per $; Insider / VIB ($350) / Rouge ($1,000) by calendar-year spend; point multipliers, earliest access to sales, free shipping, birthday gift, Rewards Bazaar experiences."
b3aa8e0e-fda9-4fc9-8094-85d3386daeb7,Beauty Loop,Retail,No,"Create Account (e.g. Card, App, automatic, etc); Spending at Brand/Partners - Temporary",Personalised Gifts; Upgrades & Complimentary Offers; Service Exclusivity & Priority Access; Experiential Exclusivity; Community & Networking,Recoded,High,Official MECCA Beauty Loop page (fetched),"Sign up via MECCA account/app; Levels 1-4 by yearly spend ($300/$600/$1,200/$3,500); curated gifts, birthday surprise, samples, early access and masterclass events (L3-4), makeup application, MECCA Chit Chat community. Level reset rule not stated."
46e70a99-d894-4c98-b85f-9a48d7b45078,Blue Rewards,Retail,No,"Create Account (e.g. Card, App, automatic, etc); Accumulated by Spending (redeemable for spending); Accumulated by Actions (redeemable for spending); Referral; Missions/Gamification",Cashback / Direct Discounts / Coupons; Partner Benefits; Proprietary Credit Card Benefits; Social / Transferable Benefits,Suggested,Medium,Retailer/press pages via search,"Al-Futtaim Blue: app; 1% cashback/points on spend, points for activities, games, achievements, referrals; 2-for-1 offers, partner offers, Blue FAB credit card, e-gift cards."
fdb764ef-3759-4155-a15b-00ae0b8d0d58,Cartão Continente,Retail,No,"Accumulated by Spending (redeemable for spending); Create Account (e.g. Card, App, automatic, etc)",Cashback / Direct Discounts / Coupons; Partner Benefits; Personalisation,Suggested,Medium,Official/retailer pages via search,"Digital enrolment via app; balance accumulates on purchases (min. 2% guaranteed) and is spent at Continente and 20 partner brands (Galp, TAP Miles&Go, KFC...); personalised coupons; top-up discounts."
9c3f390c-30fb-4d36-8a5d-2be16bbba9b0,Club Carrefour,Retail,No,,,To recode,Low,No usable source,Hub URL is a third-party blog about Carrefour France; searches returned only the Brazilian credit card. Needs the official Carrefour programme page for the Hub's market. Not coded.
c9556c0f-449d-41e0-96d7-53092c1b64b2,Club Pret,Retail,Yes,Paid Subscription; Accumulated by Spending (redeemable for spending),Cashback / Direct Discounts / Coupons; Upgrades & Complimentary Offers,Recoded,High,Official programme page,Paid monthly Club Pret subscription: up to 5 barista drinks/day and 20% off menu; Pret Perks stars (2 per month renewed + 1 per purchase).
d8466038-e1ed-4300-aaee-76e9853b2e0c,Costa Club Coffee,Retail,Yes,"Do X, Get Y; Create Account (e.g. Card, App, automatic, etc)",Upgrades & Complimentary Offers; Personalised Gifts; Sustainability & Charitable Giving,Suggested,Medium,Web research (secondary sources),"Free app; one bean per handcrafted drink, 10 beans for a free drink (punch-card), double beans with reusable cup, free birthday cake, treat drops."
a18860ea-6397-49b3-976d-04c0c37d62ae,Dior Beauty Privé,Retail,No,"Create Account (e.g. Card, App, automatic, etc); Spending at Brand/Partners - Temporary",Upgrades & Complimentary Offers; Personalised Gifts; Experiential Exclusivity; Service Exclusivity & Priority Access; Convenience Benefits,Suggested,Medium,Retailer/press pages via search,"Free; Pearl on registration, Silver/Gold/Platinum by spend and purchases in the last 12 months; upgrade gift, birthday gift, makeover, events/masterclasses, priority access to launches, free shipping."
38d7526c-2cda-43f9-95cd-1d70d3c08fd4,Dove Rewards,Retail,No,,,To recode,Low,Search,No official Dove Rewards programme found (only third-party Fetch offers / old Dove Insider Rewards). Not coded: check whether it exists.
0f16768c-c6c6-4781-bd53-a09b23ff03fe,H&M Members,Retail,No,"Create Account (e.g. Card, App, automatic, etc); Accumulated by Spending (redeemable for spending); Accumulated by Actions (redeemable for spending); Spending at Brand/Partners - Temporary",Cashback / Direct Discounts / Coupons; Convenience Benefits; Service Exclusivity & Priority Access; Experiential Exclusivity; Sustainability & Charitable Giving; Partner Benefits,Suggested,Medium,Retailer/press pages via search,"Free; 1 point per $, points for profile, reviews, recycling, own bag; Core vs Plus (300-500 points in the qualification period); member pricing, free shipping/returns, early access, VIP/Plus events, partner promotions."
1949eb44-8392-42ed-a7c5-7aa7c65a7567,Hugo Boss XP,Retail,No,"Create Account (e.g. Card, App, automatic, etc); Spending at Brand/Partners - Temporary",Service Exclusivity & Priority Access; Personalised Gifts; Convenience Benefits; Experiential Exclusivity; Personalisation,Suggested,Medium,Retailer/press pages via search,"Register for Level 1; Levels 2-4 by Level Points per calendar year (points expire after 365 days); early sales access, priority service/concierge, birthday/anniversary vouchers, free shipping and alterations, money-can't-buy experiences, personal styling."
7e687754-8f40-4cf7-a27d-22a44f4c90ba,Ikea Family,Retail,No,"Create Account (e.g. Card, App, automatic, etc); Accumulated by Spending (redeemable for spending)",Cashback / Direct Discounts / Coupons; Upgrades & Complimentary Offers; Service Exclusivity & Priority Access; Experiential Exclusivity,Suggested,Medium,Official/retailer pages via search,"Free digital card; member prices, free coffee/tea, early access to sales, free workshops; points per spend introduced in 2025 (US) - confirm for the Hub's market."
76eb2de4-17e8-449d-8853-aa6c604d48f0,Jotun Master Painter,Retail,No,"Create Account (e.g. Card, App, automatic, etc); Accumulated by Spending (redeemable for spending)","Sweepstakes, Contests & Prize Draws; Cashback / Direct Discounts / Coupons",Suggested,Medium,Google Play/press via search,"Trade programme for painters/contractors: enrol, earn points per purchase at registered dealers, redeem for vouchers/bank transfer, scratch-card prizes. B2B2C: check if it belongs in the consumer benchmark."
66ff785e-51cc-4508-b685-d866d35fb59e,La Collection,Retail,No,"Do X, Get Y; Create Account (e.g. Card, App, automatic, etc)",Upgrades & Complimentary Offers,Suggested,Medium,Retailer/press pages via search,"Chanel: join, unlock virtual cards per purchase to complete a collection within 365 days and earn free gifts; 'Aces' accelerate progress; complimentary samples."
e6e361b5-066d-42fc-91c6-100ac930f458,Lacoste Members,Retail,No,"Create Account (e.g. Card, App, automatic, etc); Accumulated by Spending (redeemable for spending)",Service Exclusivity & Priority Access; Convenience Benefits; Personalised Gifts; Upgrades & Complimentary Offers,Suggested,Medium,Retailer/press pages via search,"Le Club: register, 10 points per $; L1-L3 tiers by spend ($500 steps; reset rule not stated: tier mechanism NOT coded); private sales, free shipping, birthday offers, personal shopping, gifts with purchase."
8680dcab-76a6-40db-a6ab-d5e14e3a71a7,MANGO likes you,Retail,No,"Create Account (e.g. Card, App, automatic, etc); Accumulated by Spending (redeemable for spending); Accumulated by Actions (redeemable for spending)",Cashback / Direct Discounts / Coupons; Experiential Exclusivity; Sustainability & Charitable Giving; Personalised Gifts; Social / Transferable Benefits,Suggested,Medium,Official MANGO terms via search,"Free; auto-enrolled on account/app/store; 10 likes per EUR, bonus likes for actions (store pick-up, check-in, recycling); likes exchangeable for discounts, experiences, charity donations; birthday likes; shareable likes. 3-tier Style Club exists in some markets (not coded)."
3288ceea-0d03-4288-819b-fc1d361a930c,My Nivea,Retail,No,Accumulated by Spending (redeemable for spending); Accumulated by Actions (redeemable for spending),Personalisation; Upgrades & Complimentary Offers,Suggested,Low,Brand/press pages via search,"Only 'Nivea for me' (India) found: points from receipts and engagement redeemed for samples, offers, skin analysis. Not confirmed to be the Hub's My Nivea programme."
3251c159-9b1e-4def-832f-007a2c265537,My Rituals,Retail,No,,Personalised Gifts; Cashback / Direct Discounts / Coupons,Suggested,Low,Retailer/press pages via search,"Free membership with 'Soulmate' levels by number of purchases, no points; wellness gifts, birthday surprises, exclusive offers. Qualification period and enrolment route not documented: no mechanism coded."
4aad3ebb-ccca-40c4-8f3a-c9aa538523a8,OUAI Obsessed,Retail,No,Accumulated by Actions (redeemable for spending); Missions/Gamification,Service Exclusivity & Priority Access; Community & Networking; Experiential Exclusivity,Suggested,Medium,Retailer/press pages via search,"Coins for actions (comments, feedback, reviews, social posts) and gamified challenges; early product access, community events, exclusive previews."
44613444-f490-4efa-8997-62466d9dc952,Patagonia Pro Program,Retail,No,,Cashback / Direct Discounts / Coupons,Suggested,Medium,Retailer/press pages via search,"Application-based professional programme (outdoor professionals, first responders, military); up to 40% discount. Access by profession fits none of the 14 mechanisms: no mechanism coded."
989e1232-3bea-4d15-8005-879e0734ebd5,REI Membership,Retail,No,Paid Subscription,Cashback / Direct Discounts / Coupons; Convenience Benefits,Suggested,Medium,Retailer/press pages via search,"One-time $30 lifetime membership fee; 10% annual dividend on eligible purchases (Co-op Member Reward), anniversary-sale discounts, longer returns, free shipping, rentals/classes pricing."
dccf01ef-59b2-4b1c-8019-a1faef3540b8,Target Circle,Retail,No,"Create Account (e.g. Card, App, automatic, etc); Paid Subscription",Personalised Gifts; Personalisation; Cashback / Direct Discounts / Coupons; Service Exclusivity & Priority Access; Upgrades & Complimentary Offers; Convenience Benefits; Partner Benefits,Suggested,Medium,Official Target pages via search,"Free Target Circle (app/online sign-up): birthday rewards, personalised deals; paid Circle 360: same-day delivery, monthly Freebies, early access to events, Shipt partner delivery."
aa378f6a-7a8b-4fb2-8d76-a742506b0054,The 1,Retail,No,"Create Account (e.g. Card, App, automatic, etc); Accumulated by Spending (redeemable for spending); Spending at Brand/Partners - Temporary; Missions/Gamification",Partner Benefits; Social / Transferable Benefits,Suggested,Medium,Retailer/press pages via search,"App; points on purchases across Central Group and 1,000+ partners; four levels by accumulated spend (status extended to next year when threshold met); challenges with badges; points transferable between members."
b43590c4-30ac-456c-9e1e-9cbfd518cf52,The North Face XPLR Pass,Retail,No,"Create Account (e.g. Card, App, automatic, etc); Accumulated by Spending (redeemable for spending); Accumulated by Actions (redeemable for spending); Referral","Personalised Gifts; Service Exclusivity & Priority Access; Convenience Benefits; Experiential Exclusivity; Sweepstakes, Contests & Prize Draws; Partner Benefits; Sustainability & Charitable Giving",Recoded,High,Official XPLR Pass page via search,"Free; 1 point per $, points for referrals, app, surveys, national-park/store check-ins, reusable bag, Renewed purchases; $10 reward per 100 points; no tiers; birthday gift, early access, free shipping, member events, prize draws, partner offers."
5ea3e3ef-85b8-48b7-a9b5-450afcb193b6,Ulta Beauty's Ultamate Rewards,Retail,No,Accumulated by Spending (redeemable for spending); Spending at Brand/Partners - Temporary,Points Inflation; Personalised Gifts,Suggested,Medium,Retailer/press pages via search,"1 point per $; Platinum ($500) and Diamond ($1,200) by calendar-year spend; 1.25/1.5x points; birthday gift and 2x points."
5e9ffd50-4c65-4ed0-8311-3e81abb8a422,Walmart+,Retail,No,Paid Subscription,Convenience Benefits; Cashback / Direct Discounts / Coupons; Partner Benefits; Service Exclusivity & Priority Access,Recoded,High,Walmart/press pages via search,"Paid ($98/yr): free delivery/shipping, 10c/gal fuel discount, Paramount+ or Peacock, early access to deals."
d44693c5-91c0-4f5e-a270-885fd5a332f0,AAdvantage Business,Travel & Mobility,No,Accumulated by Spending (redeemable for spending),,Suggested,Medium,American Airlines newsroom via search,Corporate (SME) programme: the company earns 1 mile per $ on employee travel; travellers earn bonus Loyalty Points. B2B: recommend exclusion under the B2B rule. Benefits not coded.
f7669741-74e0-4e8c-968f-fcbfa529c0b8,Atmos Rewards,Travel & Mobility,No,"Spending at Brand/Partners - Temporary; Accumulated by Spending (redeemable for spending); Create Account (e.g. Card, App, automatic, etc)",Points Inflation; Upgrades & Complimentary Offers; Convenience Benefits; Proprietary Credit Card Benefits,Suggested,Medium,Airline pages/press via search (official page not read),"Silver-Titanium by status points per calendar year (distance, segments, spend, co-brand card); 25-150% points boost, upgrades, priority boarding."
194fd881-f01a-4017-800d-960a806b6dfa,Avis Preferred,Travel & Mobility,No,"Create Account (e.g. Card, App, automatic, etc); Accumulated by Spending (redeemable for spending); Spending at Brand/Partners - Temporary",Convenience Benefits; Upgrades & Complimentary Offers; Points Inflation; Service Exclusivity & Priority Access,Suggested,Medium,Operator pages/press via search (official page not read),"Preferred / Plus (10 rentals or $4,000) / President's Club (20 or $6,000) per calendar year; skip-the-counter, upgrades, 1.25x points, dedicated phone line and priority availability."
e58903f5-249d-4bee-9b1a-1661f9bb215a,Booking.com Genius,Travel & Mobility,No,"Create Account (e.g. Card, App, automatic, etc)",Cashback / Direct Discounts / Coupons; Upgrades & Complimentary Offers; Service Exclusivity & Priority Access,Suggested,Medium,Airline/OTA pages/press via search (official page not read),"Level 1 on free account; Level 2 (5 bookings in 2 years) and Level 3 (15 bookings): 10-20% discounts, free breakfast, room upgrades, priority support. Tier retention rules conflict across sources: tier mechanism NOT coded."
bb45e184-7f48-477c-b322-9898430ace4d,British Airways Executive Club,Travel & Mobility,No,"Spending at Brand/Partners - Temporary; Accumulated by Spending (redeemable for spending); Create Account (e.g. Card, App, automatic, etc)",Points Inflation; Convenience Benefits; Experiential Exclusivity; Service Exclusivity & Priority Access,Suggested,Medium,Brand/press pages via search,"Blue/Bronze/Silver/Gold by Tier Points per tier year; Avios; bonus Avios 25-50%, priority check-in/boarding, seat selection, lounge access."
b1587796-0463-41a4-ab33-3bd0da3c1398,CartaFRECCIA,Travel & Mobility,No,"Create Account (e.g. Card, App, automatic, etc); Accumulated by Spending (redeemable for spending); Spending at Brand/Partners - Temporary",Points Inflation; Upgrades & Complimentary Offers; Experiential Exclusivity; Convenience Benefits; Partner Benefits,Suggested,Medium,Operator pages/press via search (official page not read),"Free; 1 point per EUR; Argento (1,000) / Oro (3,000) / Platino by points per calendar year; +10-25% points, free upgrades, FRECCIAClub lounges, Fast Track, partner rewards."
805f4999-dc80-4b59-a7aa-08fe7064ec3c,Club Eurostar,Travel & Mobility,No,"Create Account (e.g. Card, App, automatic, etc); Accumulated by Spending (redeemable for spending); Spending at Brand/Partners - Temporary",Points Inflation; Experiential Exclusivity; Convenience Benefits; Flexibility & Credit,Suggested,Medium,Operator pages/press via search (official page not read),"Points per GBP spent; Avantage/Carte Blanche/Etoile by status points per membership year; 50% status bonus, Premier lounges, Fast Track, flexible 'get another train'."
9bb17498-94cf-46c6-92e4-e9f3ce239073,Costa Club,Travel & Mobility,No,,Cashback / Direct Discounts / Coupons; Personalised Gifts,Suggested,Low,Brand pages/press via search (official page not read),"C|Club: Blue/Bronze/Silver/Gold/Platinum by points (earning basis not confirmed: tier NOT coded); up to 20% cruise discount, excursion and onboard discounts, end-of-cruise gifts. Possible Marine borderline."
bbb5b744-7593-4521-a59b-0a813d5e6eeb,Crown & Anchor Society,Travel & Mobility,No,Spending at Brand/Partners - Lifetime & Cumulative,Service Exclusivity & Priority Access; Upgrades & Complimentary Offers; Experiential Exclusivity,Suggested,Medium,Brand pages/press via search (official page not read),"Gold to Pinnacle by cumulative cruise nights (1 point per night, 2 in suites), levels kept: coded Lifetime (nights as spend proxy, check); priority check-in, drinks/internet, suite lounge, free milestone cruises."
403a2498-8de9-4cb8-b506-8e909848de99,Delta SkyMiles,Travel & Mobility,No,"Spending at Brand/Partners - Temporary; Accumulated by Spending (redeemable for spending); Create Account (e.g. Card, App, automatic, etc)",Upgrades & Complimentary Offers; Convenience Benefits; Flexibility & Credit; Proprietary Credit Card Benefits,Suggested,Medium,Brand/press pages via search,"Silver-Diamond Medallion by annual MQDs (spend on Delta flights); miles; complimentary upgrades, priority boarding, waived bag fees, rollover MQMs, Amex cards give MQD headstart."
81a98a00-8f90-43cc-bc54-96a5c2226d78,Emirates Skywards,Travel & Mobility,No,"Spending at Brand/Partners - Temporary; Accumulated by Spending (redeemable for spending); Create Account (e.g. Card, App, automatic, etc)",Points Inflation; Convenience Benefits; Experiential Exclusivity,Suggested,Medium,Airline pages/press via search (official page not read),"Silver/Gold/Platinum by Tier Miles or flights per membership year; bonus Skywards Miles 30-100%, priority check-in, lounge access."
91fe08e0-cca0-4554-ae92-13cc308a6019,Europcar Privilege,Travel & Mobility,No,"Create Account (e.g. Card, App, automatic, etc); Spending at Brand/Partners - Temporary",Cashback / Direct Discounts / Coupons; Upgrades & Complimentary Offers; Experiential Exclusivity,Suggested,Medium,Operator pages/press via search (official page not read),"Club / Executive / Elite / Elite VIP by rentals or rental days (period not confirmed; a newer points-based 'Privilege For You' exists); 10% member discount, free weekend rental and upgrades, free additional driver, Priority Pass lounge (VIP)."
23de101d-f404-4abb-a26a-6beca7dc2b2f,GrabRewards,Travel & Mobility,No,"Create Account (e.g. Card, App, automatic, etc); Accumulated by Spending (redeemable for spending); Spending at Brand/Partners - Temporary",Service Exclusivity & Priority Access; Cashback / Direct Discounts / Coupons; Partner Benefits,Suggested,Medium,Operator pages/press via search (official page not read),"Points per spend across Grab services; Silver (200) / Gold (900) / Platinum (3,500) tiers with retention; priority ride allocation, monthly deals, partner vouchers and airline/hotel transfers."
2aa3f39a-e037-473d-82ac-c6f0b618dfd1,Hertz Gold Plus Rewards,Travel & Mobility,No,"Create Account (e.g. Card, App, automatic, etc); Accumulated by Spending (redeemable for spending); Spending at Brand/Partners - Temporary",Points Inflation; Upgrades & Complimentary Offers; Service Exclusivity & Priority Access,Suggested,Medium,Operator pages/press via search (official page not read),"Gold on signup; Five Star (3 rentals or $1,000) and President's Circle (15 rentals or $3,000); 1-1.5 points per $; free additional driver, upgrades, dedicated line. Qualification period not confirmed."
9d3d72a5-b8cd-46be-8d3d-47409ed8da62,KrisFlyer / PPS Club,Travel & Mobility,No,"Spending at Brand/Partners - Temporary; Accumulated by Spending (redeemable for spending); Create Account (e.g. Card, App, automatic, etc)",Points Inflation; Convenience Benefits; Experiential Exclusivity; Upgrades & Complimentary Offers,Suggested,Medium,Airline pages/press via search (official page not read),"Elite Silver/Gold by Elite miles in 12 months; PPS Club by points; bonus miles, priority services, lounge access, milestone upgrade vouchers."
74aeb41f-220c-4dfa-bfbe-677c5c41bbda,MSC Voyagers Club,Travel & Mobility,No,,Cashback / Direct Discounts / Coupons; Upgrades & Complimentary Offers; Service Exclusivity & Priority Access; Convenience Benefits,Suggested,Low,Operator pages/press via search (official page not read),"Six levels (Welcome to Blue Diamond) by points (basis and expiry not documented in sources: tier NOT coded): 5% cruise discount, onboard credit, upgrade priority, priority lines, late checkout."
df3e1ed5-912c-457c-8ae8-26641f742b4d,Miles & More,Travel & Mobility,No,"Spending at Brand/Partners - Temporary; Accumulated by Spending (redeemable for spending); Create Account (e.g. Card, App, automatic, etc)",Convenience Benefits; Experiential Exclusivity; Upgrades & Complimentary Offers; Service Exclusivity & Priority Access; Social / Transferable Benefits,Suggested,Medium,Airline pages/press via search (official page not read),"Frequent Traveller/Senator/HON Circle by status points per calendar year; priority boarding, seat reservation, lounges, eVouchers, waiting-list priority, companion benefits."
b765e05f-2122-4a6d-8e81-411a969db3c5,OneKey,Travel & Mobility,No,"Create Account (e.g. Card, App, automatic, etc); Accumulated by Spending (redeemable for spending); Spending at Brand/Partners - Temporary",Cashback / Direct Discounts / Coupons; Points Inflation,Suggested,Medium,Airline/OTA pages/press via search (official page not read),"Free; OneKeyCash 2% on stays; Blue/Silver/Gold/Platinum by trip elements per calendar year; member pricing, extra cash at VIP Access properties; shared across Expedia, Hotels.com and Vrbo."
f6598e5e-ff93-4469-b761-bc496e1e644c,Qantas Frequent Flyer,Travel & Mobility,No,"Spending at Brand/Partners - Temporary; Spending at Brand/Partners - Lifetime & Cumulative; Accumulated by Spending (redeemable for spending); Create Account (e.g. Card, App, automatic, etc)",Points Inflation; Service Exclusivity & Priority Access; Convenience Benefits; Experiential Exclusivity; Upgrades & Complimentary Offers; Flexibility & Credit,Suggested,Medium,Airline pages/press via search (official page not read),"Silver-Platinum One by Status Credits per membership year, lifetime status (7,000/14,000 credits), partial rollover of excess credits; bonus points, priority service, seats, lounge, upgrade priority."
6a74c4d8-0d34-475c-a94f-8ee7c83fda54,Rapid Rewards,Travel & Mobility,No,"Spending at Brand/Partners - Temporary; Accumulated by Spending (redeemable for spending); Create Account (e.g. Card, App, automatic, etc)",Points Inflation; Convenience Benefits; Service Exclusivity & Priority Access; Social / Transferable Benefits; Proprietary Credit Card Benefits,Suggested,Medium,Airline pages/press via search (official page not read),"A-List / A-List Preferred / Companion Pass by flights or points per calendar year; 25% bonus, free bag, priority lane, Companion Pass, card boost."
5923b522-22c7-419b-a05e-c0f334c76a19,Ryanair Prime,Travel & Mobility,No,Paid Subscription,Upgrades & Complimentary Offers; Cashback / Direct Discounts / Coupons; Social / Transferable Benefits,Suggested,Medium,Ryanair corporate news via search,"GBP 79 annual subscription: free reserved seats and travel insurance, monthly member-only seat sales, companion can be added."
57a45d3d-5767-4576-8ad4-94931b3b1507,SNCF Connect,Travel & Mobility,No,Accumulated by Spending (redeemable for spending); Spending at Brand/Partners - Temporary,Experiential Exclusivity; Service Exclusivity & Priority Access; Flexibility & Credit,Suggested,Low,Operator pages/press via search (official page not read),"Grand Voyageur / Le Club by Points Prime per anniversary year (Le Club at 2,200 points or annual pass); lounges, dedicated line, guaranteed exchange. Sources conflict on whether membership is by invitation: Invite NOT coded. Hub row is the SNCF Connect app: verify."
e3d560d0-c419-4e55-8c91-ba8ed2e3460e,TAP Miles&Go,Travel & Mobility,No,"Spending at Brand/Partners - Temporary; Accumulated by Spending (redeemable for spending); Create Account (e.g. Card, App, automatic, etc)",Points Inflation; Experiential Exclusivity; Convenience Benefits; Service Exclusivity & Priority Access; Social / Transferable Benefits,Suggested,Medium,Airline pages/press via search (official page not read),"Silver/Gold/(Navigator) by status miles or flights per year (retention thresholds); bonus miles 25-50%, lounge, fast track, priority hotline, companion ticket (Gold)."
02f595a7-d8e8-4dff-bf1e-30d21ccf6e57,TrueBlue,Travel & Mobility,No,"Spending at Brand/Partners - Temporary; Accumulated by Spending (redeemable for spending); Create Account (e.g. Card, App, automatic, etc)",Points Inflation; Convenience Benefits; Upgrades & Complimentary Offers; Family Benefits,Suggested,Medium,Airline pages/press via search (official page not read),"Mosaic 1-4 by tiles (1 per $100 spent) per year; 3-5x points, free bags/seats, Mint upgrades; children's tiles count to the adult (from 2026)."
a21338ee-6974-48e0-b545-1f38dff16054,United MileagePlus,Travel & Mobility,No,"Spending at Brand/Partners - Temporary; Accumulated by Spending (redeemable for spending); Create Account (e.g. Card, App, automatic, etc)",Upgrades & Complimentary Offers; Convenience Benefits; Experiential Exclusivity; Proprietary Credit Card Benefits,Suggested,Medium,Brand/press pages via search,"Premier Silver-1K by PQP (spend) and flights per calendar year; complimentary upgrades, priority boarding, lounge access; co-brand card PQP."
d4a5a7a4-c5bb-4a25-8440-37fd4134232b,Velocity Frequent Flyer – Status,Travel & Mobility,No,"Spending at Brand/Partners - Temporary; Accumulated by Spending (redeemable for spending); Create Account (e.g. Card, App, automatic, etc)",Experiential Exclusivity; Convenience Benefits; Service Exclusivity & Priority Access; Upgrades & Complimentary Offers; Partner Benefits,Suggested,Medium,Airline/OTA pages/press via search (official page not read),"Silver/Gold/Platinum/Platinum Plus by status credits per membership year; lounge access, priority services, UpgradeMe, partner-airline benefits."
9a31aeee-5e93-4ad0-b2d5-2232b92fe955,Volaris V.Club,Travel & Mobility,No,Paid Subscription,Cashback / Direct Discounts / Coupons; Convenience Benefits; Social / Transferable Benefits,Suggested,Medium,Volaris pages via search,"Paid annual memberships (Individual, Duo, Friends & Family): up to 20% off fares, extra checked baggage, shared use by companions."
59e6c7de-4f19-48ab-898d-0cace54ba42a,Wizz Discount Club,Travel & Mobility,No,Paid Subscription,Cashback / Direct Discounts / Coupons; Social / Transferable Benefits; Service Exclusivity & Priority Access; Convenience Benefits,Suggested,Medium,Press/blogs via search,"Light (free), Standard, Standard Plus, Premium paid tiers: EUR 10 off fares and EUR 5 off bags, companions covered, priority boarding and seat selection (Premium)."
e6bf564c-eeff-42c4-9777-0213c15f6c93,easyJet Plus,Travel & Mobility,No,Paid Subscription,Convenience Benefits; Upgrades & Complimentary Offers; Cashback / Direct Discounts / Coupons; Flexibility & Credit,Suggested,Medium,easyJet help page via search,"GBP 249/year: bag drop, speedy boarding, Fast Track, free seat selection, 10% off onboard purchases, free same-day change to earlier flight."
