programme_id,programme_name,industry,positioning,membership_type,v3_mechanisms,old_benefits,suggested_mechanisms_14,mechanisms_to_check,suggested_benefits_18,benefits_to_check,always_manual
403a2498-8de9-4cb8-b506-8e909848de99,Delta SkyMiles,Travel & Mobility,Mass,Free,Spend-based earning; Included member benefits; Earned status; Ecosystem cross-use; External partner network,Points / Redeemable Rewards; Upgrades; Priority Access; Complimentary Services; Partner Benefits,Accumulated by Spending (redeemable for spending),Spending at Brand/Partners - Temporary OR Spending at Brand/Partners - Lifetime & Cumulative (spend tiers: annual or lifetime?),Partner Benefits; Service Exclusivity & Priority Access; Upgrades & Complimentary Offers,Points / Redeemable Rewards | Complimentary Services | v3 Included member benefits / Privileged access: pick the new benefit(s),"enrolment route, Do X Get Y, Missions, Ambassador, Access by Ownership, Tenure, benefits with no old equivalent"
0651490c-baf2-4fa0-b890-1de7aeee416f,Marriott Bonvoy,Hotels & Hospitality,Premium,Free,Spend-based earning; Member pricing; Included member benefits; Earned status; Ecosystem cross-use,Points / Redeemable Rewards; Discounts; Upgrades; Priority Access; Complimentary Services; Personalised Benefits,Accumulated by Spending (redeemable for spending),Tenure / Legacy Recognition OR Spending at Brand/Partners - Temporary (night-based tiers),Cashback / Direct Discounts / Coupons; Personalisation; Service Exclusivity & Priority Access; Upgrades & Complimentary Offers,Points / Redeemable Rewards | Complimentary Services | v3 Included member benefits / Privileged access: pick the new benefit(s),"enrolment route, Do X Get Y, Missions, Ambassador, Access by Ownership, Tenure, benefits with no old equivalent"
11167465-5002-416e-aab7-efb7150b1669,Spotify Premium,Leisure & Entertainment,Mass,Subscription,Member pricing; External partner network,Personalised Benefits; Partner Benefits; Discounts,Paid Subscription,,Cashback / Direct Discounts / Coupons; Partner Benefits; Personalisation,,"enrolment route, Do X Get Y, Missions, Ambassador, Access by Ownership, Tenure, benefits with no old equivalent"
ad3bd911-812b-4d60-8799-b3cf378ceee7,Nike Membership,Fitness & Wellness,Mass,Free,Behaviour-based rewards; Member pricing; Privileged access; Member experiences & events; Community,Discounts; Priority Access; Access / Exclusivity; Experiences / Events; Personalised Benefits,,"Accumulated by Actions / Missions / Do X, Get Y (split)",Cashback / Direct Discounts / Coupons; Community & Networking; Experiential Exclusivity; Personalisation; Service Exclusivity & Priority Access,v3 Included member benefits / Privileged access: pick the new benefit(s),"enrolment route, Do X Get Y, Missions, Ambassador, Access by Ownership, Tenure, benefits with no old equivalent"
2d18b7cb-16f5-4fe5-9488-5ee2decb266c,The club,Food & Beverage,Mass,Free,Behaviour-based rewards; Earned status; External partner network; Member experiences & events; Member pricing; Spend-based earning,Discounts; Points / Redeemable Rewards; Experiences / Events; Partner Benefits,Accumulated by Spending (redeemable for spending),"Accumulated by Actions / Missions / Do X, Get Y (split)",Cashback / Direct Discounts / Coupons; Experiential Exclusivity; Partner Benefits,Points / Redeemable Rewards,"enrolment route, Do X Get Y, Missions, Ambassador, Access by Ownership, Tenure, benefits with no old equivalent"
eb23353d-f1f2-4d01-8a4a-73d53f890ee5,Top 100 Golf Courses,Golf,Premium,Hybrid,Community; Included member benefits; Privileged access; Member experiences & events; External partner network,,Paid Subscription,,Community & Networking; Experiential Exclusivity; Partner Benefits,v3 Included member benefits / Privileged access: pick the new benefit(s),"enrolment route, Do X Get Y, Missions, Ambassador, Access by Ownership, Tenure, benefits with no old equivalent"
28c932e2-11c4-442f-891e-0c8fe9062f81,Associação Mutualista (descontos),Banking & Financial Services,Mass,Paid,Member pricing; Included member benefits; External partner network,Discounts; Partner Benefits; Complimentary Services,Paid Subscription,,Cashback / Direct Discounts / Coupons; Partner Benefits,Complimentary Services | v3 Included member benefits / Privileged access: pick the new benefit(s),"enrolment route, Do X Get Y, Missions, Ambassador, Access by Ownership, Tenure, benefits with no old equivalent"
93ed7db8-5c51-420e-909c-6627f7fc5808,Lemonade Giveback,Banking & Financial Services,Mass,Free,Community,Other,,,Community & Networking,Other,"enrolment route, Do X Get Y, Missions, Ambassador, Access by Ownership, Tenure, benefits with no old equivalent"
0630ca84-74b5-41fe-b91e-e4bb59bceea5,Harley Owners Group (H.O.G.),Automotive,Mid-market,Hybrid,Spend-based earning; Included member benefits; Privileged access; Member experiences & events; Earned status; External partner network; Community,Points / Redeemable Rewards; Complimentary Services; Experiences / Events; Partner Benefits,Accumulated by Spending (redeemable for spending); Paid Subscription,,Community & Networking; Experiential Exclusivity; Partner Benefits,Points / Redeemable Rewards | Complimentary Services | v3 Included member benefits / Privileged access: pick the new benefit(s),"enrolment route, Do X Get Y, Missions, Ambassador, Access by Ownership, Tenure, benefits with no old equivalent"
d561ed3c-a457-4dac-aa23-ec407b0b37ce,VivaGym Memberships,Fitness & Wellness,Mass,Subscription,Member pricing; Included member benefits; Privileged access,Complimentary Services; Discounts; Priority Access,Paid Subscription,,Cashback / Direct Discounts / Coupons; Service Exclusivity & Priority Access,Complimentary Services | v3 Included member benefits / Privileged access: pick the new benefit(s),"enrolment route, Do X Get Y, Missions, Ambassador, Access by Ownership, Tenure, benefits with no old equivalent"
c9fd651a-f45c-44e3-87fa-676a1d4e2825,Coursera Plus,Leisure & Entertainment,Mid-market,Subscription,Member pricing; Privileged access; Ecosystem cross-use,Access / Exclusivity; Discounts,Paid Subscription,,Cashback / Direct Discounts / Coupons; Experiential Exclusivity,v3 Included member benefits / Privileged access: pick the new benefit(s),"enrolment route, Do X Get Y, Missions, Ambassador, Access by Ownership, Tenure, benefits with no old equivalent"
a99a1b6e-b999-4d08-8581-4c62e941a68b,The Campus Membership,Fitness & Wellness,Premium,Subscription,Member pricing; Included member benefits; Privileged access,Discounts; Complimentary Services; Priority Access,Paid Subscription,,Cashback / Direct Discounts / Coupons; Service Exclusivity & Priority Access,Complimentary Services | v3 Included member benefits / Privileged access: pick the new benefit(s),"enrolment route, Do X Get Y, Missions, Ambassador, Access by Ownership, Tenure, benefits with no old equivalent"
989e1232-3bea-4d15-8005-879e0734ebd5,REI Membership,Retail,Mid-market,Paid,Spend-based earning; Member pricing; Included member benefits; Privileged access; Community,Cashback; Discounts; Access / Exclusivity; Complimentary Services,Accumulated by Spending (redeemable for spending); Paid Subscription,,Cashback / Direct Discounts / Coupons; Community & Networking; Experiential Exclusivity,Complimentary Services | v3 Included member benefits / Privileged access: pick the new benefit(s),"enrolment route, Do X Get Y, Missions, Ambassador, Access by Ownership, Tenure, benefits with no old equivalent"
7ae7d159-b9f4-4517-9562-877ddcc3004b,HBR Subscriptions,Leisure & Entertainment,Premium,Subscription,Included member benefits; Privileged access; Member experiences & events,Access / Exclusivity; Complimentary Services; Experiences / Events,Paid Subscription,,Experiential Exclusivity,Complimentary Services | v3 Included member benefits / Privileged access: pick the new benefit(s),"enrolment route, Do X Get Y, Missions, Ambassador, Access by Ownership, Tenure, benefits with no old equivalent"
1e75a58e-5540-4766-b212-944b1cb7124d,CopaCoins,Leisure & Entertainment,Mid-market,Free,Spend-based earning,,Accumulated by Spending (redeemable for spending),,,,"enrolment route, Do X Get Y, Missions, Ambassador, Access by Ownership, Tenure, benefits with no old equivalent"
4aad3ebb-ccca-40c4-8f3a-c9aa538523a8,OUAI Obsessed,Retail,Premium,Free,Spend-based earning; Behaviour-based rewards; Privileged access; Member experiences & events; Community,Points / Redeemable Rewards; Experiences / Events; Priority Access; Personalised Benefits,Accumulated by Spending (redeemable for spending),"Accumulated by Actions / Missions / Do X, Get Y (split)",Community & Networking; Experiential Exclusivity; Personalisation; Service Exclusivity & Priority Access,Points / Redeemable Rewards | v3 Included member benefits / Privileged access: pick the new benefit(s),"enrolment route, Do X Get Y, Missions, Ambassador, Access by Ownership, Tenure, benefits with no old equivalent"
b5fe264b-cfe4-4a51-b1a9-65152323be5a,ClassPass,Fitness & Wellness,Mid-market,Subscription,Privileged access; Ecosystem cross-use; External partner network,Access / Exclusivity; Partner Benefits,Paid Subscription,,Experiential Exclusivity; Partner Benefits,v3 Included member benefits / Privileged access: pick the new benefit(s),"enrolment route, Do X Get Y, Missions, Ambassador, Access by Ownership, Tenure, benefits with no old equivalent"
e3d560d0-c419-4e55-8c91-ba8ed2e3460e,TAP Miles&Go,Travel & Mobility,Mass,Free,Spend-based earning; Earned status; External partner network,Points / Redeemable Rewards; Upgrades; Priority Access; Partner Benefits,Accumulated by Spending (redeemable for spending),,Partner Benefits; Service Exclusivity & Priority Access; Upgrades & Complimentary Offers,Points / Redeemable Rewards,"enrolment route, Do X Get Y, Missions, Ambassador, Access by Ownership, Tenure, benefits with no old equivalent"
a696ba8f-be64-4bf5-8133-73d0eaa58bc6,lululemon Membership,Fitness & Wellness,Premium,Free,Privileged access; Earned status; External partner network,Access / Exclusivity; Priority Access; Personalised Benefits; Partner Benefits,,Spending at Brand/Partners - Temporary OR Spending at Brand/Partners - Lifetime & Cumulative (spend tiers: annual or lifetime?),Experiential Exclusivity; Partner Benefits; Personalisation; Service Exclusivity & Priority Access,v3 Included member benefits / Privileged access: pick the new benefit(s),"enrolment route, Do X Get Y, Missions, Ambassador, Access by Ownership, Tenure, benefits with no old equivalent"
45cb56e4-8e14-4bc3-86b1-2ab22a9ed6e1,Oura Subscription,Fitness & Wellness,Premium,Subscription,,Personalised Benefits,Paid Subscription,,Personalisation,,"enrolment route, Do X Get Y, Missions, Ambassador, Access by Ownership, Tenure, benefits with no old equivalent"
44613444-f490-4efa-8997-62466d9dc952,Patagonia Pro Program,Retail,Premium,Free,Member pricing; Privileged access,Discounts; Access / Exclusivity,,,Cashback / Direct Discounts / Coupons; Experiential Exclusivity,v3 Included member benefits / Privileged access: pick the new benefit(s),"enrolment route, Do X Get Y, Missions, Ambassador, Access by Ownership, Tenure, benefits with no old equivalent"
94dedd6b-45cf-4fa3-974d-e0122bdb280a,Bloomberg Subscriptions,Leisure & Entertainment,Premium,Subscription,Member pricing; Privileged access; Referral,Access / Exclusivity; Discounts,Paid Subscription; Referral,,Cashback / Direct Discounts / Coupons; Experiential Exclusivity,v3 Included member benefits / Privileged access: pick the new benefit(s),"enrolment route, Do X Get Y, Missions, Ambassador, Access by Ownership, Tenure, benefits with no old equivalent"
4139e2f8-858b-4c7c-9f81-09acaa02fcd9,LEGO Insiders / LEGO Ideas,Leisure & Entertainment,Mass,Free,Behaviour-based rewards; Community; Member experiences & events; Privileged access; Referral; Spend-based earning,Points / Redeemable Rewards; Priority Access; Experiences / Events; Personalised Benefits,Accumulated by Spending (redeemable for spending); Referral,"Accumulated by Actions / Missions / Do X, Get Y (split)",Community & Networking; Experiential Exclusivity; Personalisation; Service Exclusivity & Priority Access,Points / Redeemable Rewards | v3 Included member benefits / Privileged access: pick the new benefit(s),"enrolment route, Do X Get Y, Missions, Ambassador, Access by Ownership, Tenure, benefits with no old equivalent"
f9b2f7fe-238b-4a03-98e0-966bd386c18b,Pestana Golf Membership,Golf,Mid-market,Subscription,Member pricing; External partner network,Discounts; Partner Benefits,Paid Subscription,,Cashback / Direct Discounts / Coupons; Partner Benefits,,"enrolment route, Do X Get Y, Missions, Ambassador, Access by Ownership, Tenure, benefits with no old equivalent"
adea9721-c44c-4d39-b9e9-0d68bc4f3b1d,SANA Card,Hotels & Hospitality,Mid-market,Free,Member pricing; Included member benefits; External partner network,Discounts; Complimentary Services; Partner Benefits,,,Cashback / Direct Discounts / Coupons; Partner Benefits,Complimentary Services | v3 Included member benefits / Privileged access: pick the new benefit(s),"enrolment route, Do X Get Y, Missions, Ambassador, Access by Ownership, Tenure, benefits with no old equivalent"
5797b49d-19d4-4318-a503-711acc806762,Financial Times Subscriptions,Leisure & Entertainment,Premium,Subscription,Member pricing; Privileged access,Discounts; Access / Exclusivity,Paid Subscription,,Cashback / Direct Discounts / Coupons; Experiential Exclusivity,v3 Included member benefits / Privileged access: pick the new benefit(s),"enrolment route, Do X Get Y, Missions, Ambassador, Access by Ownership, Tenure, benefits with no old equivalent"
85aa033f-be0d-4bd8-9a46-6be5b0e5b152,RevPoints,Banking & Financial Services,Mass,Hybrid,Spend-based earning; Member pricing; External partner network,Discounts; Points / Redeemable Rewards; Partner Benefits,Accumulated by Spending (redeemable for spending); Paid Subscription,,Cashback / Direct Discounts / Coupons; Partner Benefits,Points / Redeemable Rewards,"enrolment route, Do X Get Y, Missions, Ambassador, Access by Ownership, Tenure, benefits with no old equivalent"
bc64f5dd-096f-4539-b3a1-6eb781444784,App Lidl Plus,Retail,Mass,Free,Spend-based earning; Behaviour-based rewards; Member pricing,Discounts; Points / Redeemable Rewards,Accumulated by Spending (redeemable for spending),"Accumulated by Actions / Missions / Do X, Get Y (split)",Cashback / Direct Discounts / Coupons,Points / Redeemable Rewards,"enrolment route, Do X Get Y, Missions, Ambassador, Access by Ownership, Tenure, benefits with no old equivalent"
805f4999-dc80-4b59-a7aa-08fe7064ec3c,Club Eurostar,Travel & Mobility,Mid-market,Free,Spend-based earning; Earned status,Points / Redeemable Rewards; Priority Access; Upgrades,Accumulated by Spending (redeemable for spending),,Service Exclusivity & Priority Access; Upgrades & Complimentary Offers,Points / Redeemable Rewards,"enrolment route, Do X Get Y, Missions, Ambassador, Access by Ownership, Tenure, benefits with no old equivalent"
a21338ee-6974-48e0-b545-1f38dff16054,United MileagePlus,Travel & Mobility,Mass,Free,Spend-based earning; Earned status; Ecosystem cross-use; External partner network,Points / Redeemable Rewards; Upgrades; Priority Access; Partner Benefits,Accumulated by Spending (redeemable for spending),,Partner Benefits; Service Exclusivity & Priority Access; Upgrades & Complimentary Offers,Points / Redeemable Rewards,"enrolment route, Do X Get Y, Missions, Ambassador, Access by Ownership, Tenure, benefits with no old equivalent"
6a74c4d8-0d34-475c-a94f-8ee7c83fda54,Rapid Rewards,Travel & Mobility,Mass,Free,Spend-based earning; Earned status; External partner network,Points / Redeemable Rewards; Priority Access; Partner Benefits,Accumulated by Spending (redeemable for spending),,Partner Benefits; Service Exclusivity & Priority Access,Points / Redeemable Rewards,"enrolment route, Do X Get Y, Missions, Ambassador, Access by Ownership, Tenure, benefits with no old equivalent"
a2d31294-6366-4efc-ae4f-f83737f76200,GSV Coaching Packages,Golf,Mid-market,Paid,Member pricing,Discounts; Personalised Benefits,Paid Subscription,,Cashback / Direct Discounts / Coupons; Personalisation,,"enrolment route, Do X Get Y, Missions, Ambassador, Access by Ownership, Tenure, benefits with no old equivalent"
ed8fbc57-808d-43a3-9732-7b4c9ba596f2,QdL Employee Benefits,Hotels & Hospitality,Mid-market,Free,Member pricing; External partner network,Discounts; Partner Benefits,,,Cashback / Direct Discounts / Coupons; Partner Benefits,,"enrolment route, Do X Get Y, Missions, Ambassador, Access by Ownership, Tenure, benefits with no old equivalent"
7e687754-8f40-4cf7-a27d-22a44f4c90ba,Ikea Family,Retail,Mass,Free,Spend-based earning; Member pricing; Included member benefits; Privileged access; Community,Discounts; Complimentary Services; Access / Exclusivity,Accumulated by Spending (redeemable for spending),,Cashback / Direct Discounts / Coupons; Community & Networking; Experiential Exclusivity,Complimentary Services | v3 Included member benefits / Privileged access: pick the new benefit(s),"enrolment route, Do X Get Y, Missions, Ambassador, Access by Ownership, Tenure, benefits with no old equivalent"
fdb764ef-3759-4155-a15b-00ae0b8d0d58,Cartão Continente,Retail,Mass,Free,Spend-based earning; Behaviour-based rewards; Member pricing; External partner network,Discounts; Partner Benefits; Cashback,Accumulated by Spending (redeemable for spending),"Accumulated by Actions / Missions / Do X, Get Y (split)",Cashback / Direct Discounts / Coupons; Partner Benefits,,"enrolment route, Do X Get Y, Missions, Ambassador, Access by Ownership, Tenure, benefits with no old equivalent"
dccf01ef-59b2-4b1c-8019-a1faef3540b8,Target Circle,Retail,Mass,Hybrid,Spend-based earning; Member pricing; Included member benefits; Privileged access; Ecosystem cross-use,Discounts; Free Product / Service Credit; Priority Access; Complimentary Services,Accumulated by Spending (redeemable for spending); Paid Subscription,,Cashback / Direct Discounts / Coupons; Service Exclusivity & Priority Access,Free Product / Service Credit | Complimentary Services | v3 Included member benefits / Privileged access: pick the new benefit(s),"enrolment route, Do X Get Y, Missions, Ambassador, Access by Ownership, Tenure, benefits with no old equivalent"
3a0a3a78-ebcc-46fe-813c-a602a9a4e10b,Club Peloton,Fitness & Wellness,Premium,Subscription,Spend-based earning; Behaviour-based rewards; Member pricing; Privileged access; Member experiences & events; Earned status; Community,Points / Redeemable Rewards; Priority Access; Discounts; Experiences / Events,Accumulated by Spending (redeemable for spending); Paid Subscription,"Accumulated by Actions / Missions / Do X, Get Y (split)",Cashback / Direct Discounts / Coupons; Community & Networking; Experiential Exclusivity; Service Exclusivity & Priority Access,Points / Redeemable Rewards | v3 Included member benefits / Privileged access: pick the new benefit(s),"enrolment route, Do X Get Y, Missions, Ambassador, Access by Ownership, Tenure, benefits with no old equivalent"
38566a9a-0d69-4019-be6e-6adfbb1c5b9e,App O Meu Pingo Doce,Retail,Mass,Free,Behaviour-based rewards; Member pricing; Included member benefits; External partner network,Discounts; Partner Benefits; Free Product / Service Credit,,"Accumulated by Actions / Missions / Do X, Get Y (split)",Cashback / Direct Discounts / Coupons; Partner Benefits,Free Product / Service Credit | v3 Included member benefits / Privileged access: pick the new benefit(s),"enrolment route, Do X Get Y, Missions, Ambassador, Access by Ownership, Tenure, benefits with no old equivalent"
6233e607-1f1a-4cb3-91ec-33afb86678a2,AdiClub,Fitness & Wellness,Mass,Free,Spend-based earning; Behaviour-based rewards; Member pricing; Included member benefits; Privileged access; Member experiences & events; Earned status; Ecosystem cross-use; External partner network; Referral; Community,Free Product / Service Credit; Discounts; Points / Redeemable Rewards; Priority Access; Experiences / Events; Partner Benefits,Accumulated by Spending (redeemable for spending); Referral,"Accumulated by Actions / Missions / Do X, Get Y (split)",Cashback / Direct Discounts / Coupons; Community & Networking; Experiential Exclusivity; Partner Benefits; Service Exclusivity & Priority Access,Free Product / Service Credit | Points / Redeemable Rewards | v3 Included member benefits / Privileged access: pick the new benefit(s),"enrolment route, Do X Get Y, Missions, Ambassador, Access by Ownership, Tenure, benefits with no old equivalent"
bc66c2de-b909-4412-9573-2a96f5a05135,TastyRewards,Food & Beverage,Mass,Free,Behaviour-based rewards; External partner network; Member experiences & events; Member pricing; Spend-based earning,Points / Redeemable Rewards; Experiences / Events; Discounts,Accumulated by Spending (redeemable for spending),"Accumulated by Actions / Missions / Do X, Get Y (split)",Cashback / Direct Discounts / Coupons; Experiential Exclusivity; Partner Benefits,Points / Redeemable Rewards,"enrolment route, Do X Get Y, Missions, Ambassador, Access by Ownership, Tenure, benefits with no old equivalent"
42628dae-2759-43c5-bc37-0b7350cc5033,Mercedes-Benz Rewards.,Automotive,Luxury,Free,Privileged access; Member experiences & events; Earned status; External partner network,Priority Access; Access / Exclusivity; Experiences / Events; Other,,,Experiential Exclusivity; Partner Benefits; Service Exclusivity & Priority Access,Other | v3 Included member benefits / Privileged access: pick the new benefit(s),"enrolment route, Do X Get Y, Missions, Ambassador, Access by Ownership, Tenure, benefits with no old equivalent"
57a45d3d-5767-4576-8ad4-94931b3b1507,SNCF Connect,Travel & Mobility,Mass,Free,Spend-based earning; Member pricing,Points / Redeemable Rewards; Discounts,Accumulated by Spending (redeemable for spending),,Cashback / Direct Discounts / Coupons,Points / Redeemable Rewards,"enrolment route, Do X Get Y, Missions, Ambassador, Access by Ownership, Tenure, benefits with no old equivalent"
38d7526c-2cda-43f9-95cd-1d70d3c08fd4,Dove Rewards,Retail,Mass,Free,Spend-based earning; Behaviour-based rewards; Member pricing; Included member benefits; Member experiences & events; External partner network; Community,Free Product / Service Credit; Discounts; Points / Redeemable Rewards; Experiences / Events; Personalised Benefits,Accumulated by Spending (redeemable for spending),"Accumulated by Actions / Missions / Do X, Get Y (split)",Cashback / Direct Discounts / Coupons; Community & Networking; Experiential Exclusivity; Partner Benefits; Personalisation,Free Product / Service Credit | Points / Redeemable Rewards | v3 Included member benefits / Privileged access: pick the new benefit(s),"enrolment route, Do X Get Y, Missions, Ambassador, Access by Ownership, Tenure, benefits with no old equivalent"
b1587796-0463-41a4-ab33-3bd0da3c1398,CartaFRECCIA,Travel & Mobility,Mass,Free,Spend-based earning; Member pricing; Earned status,Points / Redeemable Rewards; Discounts,Accumulated by Spending (redeemable for spending),,Cashback / Direct Discounts / Coupons,Points / Redeemable Rewards,"enrolment route, Do X Get Y, Missions, Ambassador, Access by Ownership, Tenure, benefits with no old equivalent"
3288ceea-0d03-4288-819b-fc1d361a930c,My Nivea,Retail,Mass,Free,Spend-based earning; Behaviour-based rewards,Points / Redeemable Rewards; Personalised Benefits,Accumulated by Spending (redeemable for spending),"Accumulated by Actions / Missions / Do X, Get Y (split)",Personalisation,Points / Redeemable Rewards,"enrolment route, Do X Get Y, Missions, Ambassador, Access by Ownership, Tenure, benefits with no old equivalent"
4aeca102-1781-4373-9823-11255c8450d4,Fun Club,Food & Beverage,Mass,Free,Behaviour-based rewards; Community; Member experiences & events; Referral; Spend-based earning,Points / Redeemable Rewards; Experiences / Events,Accumulated by Spending (redeemable for spending); Referral,"Accumulated by Actions / Missions / Do X, Get Y (split)",Community & Networking; Experiential Exclusivity,Points / Redeemable Rewards,"enrolment route, Do X Get Y, Missions, Ambassador, Access by Ownership, Tenure, benefits with no old equivalent"
9d3d72a5-b8cd-46be-8d3d-47409ed8da62,KrisFlyer / PPS Club,Travel & Mobility,Premium,Free,Spend-based earning; Included member benefits; Earned status; Ecosystem cross-use; External partner network,Points / Redeemable Rewards; Upgrades; Priority Access; Complimentary Services; Partner Benefits,Accumulated by Spending (redeemable for spending),,Partner Benefits; Service Exclusivity & Priority Access; Upgrades & Complimentary Offers,Points / Redeemable Rewards | Complimentary Services | v3 Included member benefits / Privileged access: pick the new benefit(s),"enrolment route, Do X Get Y, Missions, Ambassador, Access by Ownership, Tenure, benefits with no old equivalent"
b3aa8e0e-fda9-4fc9-8094-85d3386daeb7,Beauty Loop,Retail,Premium,Free,Included member benefits; Privileged access; Member experiences & events; Earned status; Community,Free Product / Service Credit; Access / Exclusivity; Experiences / Events; Personalised Benefits,,,Community & Networking; Experiential Exclusivity; Personalisation,Free Product / Service Credit | v3 Included member benefits / Privileged access: pick the new benefit(s),"enrolment route, Do X Get Y, Missions, Ambassador, Access by Ownership, Tenure, benefits with no old equivalent"
e489c49c-09d6-4eb7-b4b7-f5c187e6d65e,Moey Cashback,Banking & Financial Services,Mass,Free,Spend-based earning; External partner network,Cashback; Partner Benefits,Accumulated by Spending (redeemable for spending),,Cashback / Direct Discounts / Coupons; Partner Benefits,,"enrolment route, Do X Get Y, Missions, Ambassador, Access by Ownership, Tenure, benefits with no old equivalent"
66ff785e-51cc-4508-b685-d866d35fb59e,La Collection,Retail,Luxury,Free,Behaviour-based rewards; Included member benefits; Privileged access,Free Product / Service Credit; Access / Exclusivity,,"Accumulated by Actions / Missions / Do X, Get Y (split)",Experiential Exclusivity,Free Product / Service Credit | v3 Included member benefits / Privileged access: pick the new benefit(s),"enrolment route, Do X Get Y, Missions, Ambassador, Access by Ownership, Tenure, benefits with no old equivalent"
0f16768c-c6c6-4781-bd53-a09b23ff03fe,H&M Members,Retail,Mass,Free,Spend-based earning; Member pricing; Included member benefits; Privileged access; Earned status,Discounts; Free Product / Service Credit; Priority Access,Accumulated by Spending (redeemable for spending),,Cashback / Direct Discounts / Coupons; Service Exclusivity & Priority Access,Free Product / Service Credit | v3 Included member benefits / Privileged access: pick the new benefit(s),"enrolment route, Do X Get Y, Missions, Ambassador, Access by Ownership, Tenure, benefits with no old equivalent"
a18860ea-6397-49b3-976d-04c0c37d62ae,Dior Beauty Privé,Retail,Luxury,Free,Included member benefits; Privileged access; Member experiences & events; Earned status,Free Product / Service Credit; Access / Exclusivity; Experiences / Events; Personalised Benefits,,Spending at Brand/Partners - Temporary OR Spending at Brand/Partners - Lifetime & Cumulative (spend tiers: annual or lifetime?),Experiential Exclusivity; Personalisation,Free Product / Service Credit | v3 Included member benefits / Privileged access: pick the new benefit(s),"enrolment route, Do X Get Y, Missions, Ambassador, Access by Ownership, Tenure, benefits with no old equivalent"
a8c4fc1f-efad-422a-b5f3-930423d24287,Benefícios BPI (cashback em parceiros),Banking & Financial Services,Mass,Free,Spend-based earning; External partner network,Cashback; Partner Benefits,Accumulated by Spending (redeemable for spending),,Cashback / Direct Discounts / Coupons; Partner Benefits,,"enrolment route, Do X Get Y, Missions, Ambassador, Access by Ownership, Tenure, benefits with no old equivalent"
74c4fda2-1ac3-4a37-af47-78330615b266,Cashback novobanco,Banking & Financial Services,Mass,Free,Spend-based earning; External partner network,Cashback; Partner Benefits,Accumulated by Spending (redeemable for spending),,Cashback / Direct Discounts / Coupons; Partner Benefits,,"enrolment route, Do X Get Y, Missions, Ambassador, Access by Ownership, Tenure, benefits with no old equivalent"
f46974a0-ed8b-4508-949e-9e67a6772e42,Santander Rewards,Banking & Financial Services,Mass,Free,Spend-based earning; Member pricing; Ecosystem cross-use; External partner network,Points / Redeemable Rewards; Discounts; Partner Benefits,Accumulated by Spending (redeemable for spending),,Cashback / Direct Discounts / Coupons; Partner Benefits,Points / Redeemable Rewards,"enrolment route, Do X Get Y, Missions, Ambassador, Access by Ownership, Tenure, benefits with no old equivalent"
40b464a2-2eb5-42e5-afb6-33cff22995f4,Sempre em Caixa (benefícios + cashback),Banking & Financial Services,Mass,Free,Spend-based earning; Member pricing; External partner network,Discounts; Cashback; Partner Benefits,Accumulated by Spending (redeemable for spending),,Cashback / Direct Discounts / Coupons; Partner Benefits,,"enrolment route, Do X Get Y, Missions, Ambassador, Access by Ownership, Tenure, benefits with no old equivalent"
4cc78cfe-938a-4912-b54d-a35068ba10d0,Monster Energy,Food & Beverage,Mass,Free,Behaviour-based rewards; External partner network; Member experiences & events; Member pricing; Spend-based earning,Discounts; Points / Redeemable Rewards; Experiences / Events; Partner Benefits,Accumulated by Spending (redeemable for spending),"Accumulated by Actions / Missions / Do X, Get Y (split)",Cashback / Direct Discounts / Coupons; Experiential Exclusivity; Partner Benefits,Points / Redeemable Rewards,"enrolment route, Do X Get Y, Missions, Ambassador, Access by Ownership, Tenure, benefits with no old equivalent"
ac929d3a-1e0b-4391-9524-00338070c365,Millennium Rewards (pontos em cartões de crédito),Banking & Financial Services,Mass,Free,Spend-based earning; External partner network,Points / Redeemable Rewards; Partner Benefits,Accumulated by Spending (redeemable for spending),,Partner Benefits,Points / Redeemable Rewards,"enrolment route, Do X Get Y, Missions, Ambassador, Access by Ownership, Tenure, benefits with no old equivalent"
9a31aeee-5e93-4ad0-b2d5-2232b92fe955,Volaris V.Club,Travel & Mobility,Mass,Subscription,Member pricing; External partner network,Discounts; Partner Benefits,Paid Subscription,,Cashback / Direct Discounts / Coupons; Partner Benefits,,"enrolment route, Do X Get Y, Missions, Ambassador, Access by Ownership, Tenure, benefits with no old equivalent"
575ff304-5d97-48d9-b84c-ffe61896045b,Chase Ultimate Rewards,Banking & Financial Services,Premium,Free,Spend-based earning; Earned status; Ecosystem cross-use; External partner network,Points / Redeemable Rewards; Upgrades; Cashback; Partner Benefits,Accumulated by Spending (redeemable for spending),,Cashback / Direct Discounts / Coupons; Partner Benefits; Upgrades & Complimentary Offers,Points / Redeemable Rewards,"enrolment route, Do X Get Y, Missions, Ambassador, Access by Ownership, Tenure, benefits with no old equivalent"
21bb5b9c-86af-4b14-8333-156605ec6f74,€pistrofi,Banking & Financial Services,Mass,Free,Spend-based earning; External partner network,Cashback; Partner Benefits,Accumulated by Spending (redeemable for spending),,Cashback / Direct Discounts / Coupons; Partner Benefits,,"enrolment route, Do X Get Y, Missions, Ambassador, Access by Ownership, Tenure, benefits with no old equivalent"
6ff8d2fe-9c0b-45b1-a980-ea9ebcf85668,Cashback BankinterCard Gold,Banking & Financial Services,Mass,Free,Spend-based earning,Cashback,Accumulated by Spending (redeemable for spending),,Cashback / Direct Discounts / Coupons,,"enrolment route, Do X Get Y, Missions, Ambassador, Access by Ownership, Tenure, benefits with no old equivalent"
28cfd2cc-2336-4809-92a1-f65cf083496c,Cashback CaixaBank,Banking & Financial Services,Mass,Free,Spend-based earning; External partner network,Cashback; Partner Benefits,Accumulated by Spending (redeemable for spending),,Cashback / Direct Discounts / Coupons; Partner Benefits,,"enrolment route, Do X Get Y, Missions, Ambassador, Access by Ownership, Tenure, benefits with no old equivalent"
5ec29291-4016-4c4c-a1c1-9775cf475592,Blue Rewards,Banking & Financial Services,Mass,Paid,Spend-based earning; Member pricing; Included member benefits; External partner network,Cashback; Discounts; Partner Benefits; Complimentary Services,Accumulated by Spending (redeemable for spending); Paid Subscription,Spending at Brand/Partners - Temporary OR Spending at Brand/Partners - Lifetime & Cumulative (spend tiers: annual or lifetime?),Cashback / Direct Discounts / Coupons; Partner Benefits,Complimentary Services | v3 Included member benefits / Privileged access: pick the new benefit(s),"enrolment route, Do X Get Y, Missions, Ambassador, Access by Ownership, Tenure, benefits with no old equivalent"
15593155-d91a-446c-8e2e-9ba8d0ceaf2f,Cashback UNIBANCO,Banking & Financial Services,Mass,Free,Spend-based earning; Member pricing; Earned status; External partner network,Discounts; Cashback; Partner Benefits,Accumulated by Spending (redeemable for spending),Spending at Brand/Partners - Temporary OR Spending at Brand/Partners - Lifetime & Cumulative (spend tiers: annual or lifetime?),Cashback / Direct Discounts / Coupons; Partner Benefits,,"enrolment route, Do X Get Y, Missions, Ambassador, Access by Ownership, Tenure, benefits with no old equivalent"
59e6c7de-4f19-48ab-898d-0cace54ba42a,Wizz Discount Club,Travel & Mobility,Mass,Subscription,Member pricing; Privileged access,Discounts; Priority Access,Paid Subscription,,Cashback / Direct Discounts / Coupons; Service Exclusivity & Priority Access,v3 Included member benefits / Privileged access: pick the new benefit(s),"enrolment route, Do X Get Y, Missions, Ambassador, Access by Ownership, Tenure, benefits with no old equivalent"
5de3d091-4890-47e3-82a6-e842e6d65d56,Headspace Membership,Fitness & Wellness,Mass,Subscription,Included member benefits; Community,Complimentary Services; Personalised Benefits,Paid Subscription,,Community & Networking; Personalisation,Complimentary Services | v3 Included member benefits / Privileged access: pick the new benefit(s),"enrolment route, Do X Get Y, Missions, Ambassador, Access by Ownership, Tenure, benefits with no old equivalent"
6577b636-958d-4326-a425-5fc42e0153fb,Strava Subscription,Fitness & Wellness,Mid-market,Subscription,Behaviour-based rewards; Included member benefits; External partner network; Community,Complimentary Services; Personalised Benefits; Partner Benefits,Paid Subscription,"Accumulated by Actions / Missions / Do X, Get Y (split)",Community & Networking; Partner Benefits; Personalisation,Complimentary Services | v3 Included member benefits / Privileged access: pick the new benefit(s),"enrolment route, Do X Get Y, Missions, Ambassador, Access by Ownership, Tenure, benefits with no old equivalent"
17d6d4e4-494e-4ba5-aacf-0c98309a74a9,Solinca Membership,Fitness & Wellness,Mid-market,Paid,Member pricing; Included member benefits; External partner network,Complimentary Services; Partner Benefits; Discounts,Paid Subscription,,Cashback / Direct Discounts / Coupons; Partner Benefits,Complimentary Services | v3 Included member benefits / Privileged access: pick the new benefit(s),"enrolment route, Do X Get Y, Missions, Ambassador, Access by Ownership, Tenure, benefits with no old equivalent"
b3f9e3cd-c65f-4ae6-94e1-6ca54c1e3614,Vilamoura Golf Membership,Golf,Premium,Paid,Member pricing; Privileged access; Included member benefits,,Paid Subscription,,Cashback / Direct Discounts / Coupons,v3 Included member benefits / Privileged access: pick the new benefit(s),"enrolment route, Do X Get Y, Missions, Ambassador, Access by Ownership, Tenure, benefits with no old equivalent"
f140f4ff-73aa-4502-89cf-0137e51305f8,Vale do Lobo Golf Club Membership,Golf,Luxury,Paid,Member pricing; Privileged access; Included member benefits,,Paid Subscription,,Cashback / Direct Discounts / Coupons,v3 Included member benefits / Privileged access: pick the new benefit(s),"enrolment route, Do X Get Y, Missions, Ambassador, Access by Ownership, Tenure, benefits with no old equivalent"
93d487fd-77c8-4915-8bca-c4812d41c4d6,Alo Access,Fitness & Wellness,Premium,Free,Spend-based earning; Member pricing; Included member benefits; Privileged access; Earned status; Community,Points / Redeemable Rewards; Discounts; Priority Access; Access / Exclusivity; Complimentary Services,Accumulated by Spending (redeemable for spending),,Cashback / Direct Discounts / Coupons; Community & Networking; Experiential Exclusivity; Service Exclusivity & Priority Access,Points / Redeemable Rewards | Complimentary Services | v3 Included member benefits / Privileged access: pick the new benefit(s),"enrolment route, Do X Get Y, Missions, Ambassador, Access by Ownership, Tenure, benefits with no old equivalent"
a64fee5e-6cbc-4dae-b7ba-8749aba34505,Monte Rei Golf & Country Club,Golf,Luxury,Paid,Privileged access; Member experiences & events; Community; Included member benefits,,Paid Subscription,,Community & Networking; Experiential Exclusivity,v3 Included member benefits / Privileged access: pick the new benefit(s),"enrolment route, Do X Get Y, Missions, Ambassador, Access by Ownership, Tenure, benefits with no old equivalent"
9af71b32-6849-4810-8a23-e6930d9d901e,WHOOP Membership,Fitness & Wellness,Premium,Subscription,Included member benefits,Complimentary Services; Personalised Benefits,Paid Subscription,,Personalisation,Complimentary Services | v3 Included member benefits / Privileged access: pick the new benefit(s),"enrolment route, Do X Get Y, Missions, Ambassador, Access by Ownership, Tenure, benefits with no old equivalent"
f7e24e05-37aa-4331-beab-740c23aab056,Lindt Chocolate Club,Food & Beverage,Mass,Free,Included member benefits; Member pricing; Spend-based earning,Discounts; Free Product / Service Credit; Points / Redeemable Rewards,Accumulated by Spending (redeemable for spending),,Cashback / Direct Discounts / Coupons,Free Product / Service Credit | Points / Redeemable Rewards | v3 Included member benefits / Privileged access: pick the new benefit(s),"enrolment route, Do X Get Y, Missions, Ambassador, Access by Ownership, Tenure, benefits with no old equivalent"
7d83913f-5ecd-41b2-a6c0-577beb37f0c9,Red Hot Rewards & RewardCash (app Reward+),Banking & Financial Services,Mass,Free,Spend-based earning; Member pricing; External partner network,Points / Redeemable Rewards; Discounts; Partner Benefits; Cashback,Accumulated by Spending (redeemable for spending),,Cashback / Direct Discounts / Coupons; Partner Benefits,Points / Redeemable Rewards,"enrolment route, Do X Get Y, Missions, Ambassador, Access by Ownership, Tenure, benefits with no old equivalent"
0271c88b-177c-44ac-aa2b-dbd164b764d3,Amendoeira Golf Resort Membership,Golf,Premium,Paid,Member pricing; Privileged access,,Paid Subscription,,Cashback / Direct Discounts / Coupons,v3 Included member benefits / Privileged access: pick the new benefit(s),"enrolment route, Do X Get Y, Missions, Ambassador, Access by Ownership, Tenure, benefits with no old equivalent"
4de56ddc-6c77-4d7e-82d3-055933695930,Access by Troon,Golf,Mid-market,Hybrid,Spend-based earning; Member pricing; Earned status; External partner network,Discounts; Points / Redeemable Rewards; Partner Benefits; Priority Access,Accumulated by Spending (redeemable for spending); Paid Subscription,,Cashback / Direct Discounts / Coupons; Partner Benefits; Service Exclusivity & Priority Access,Points / Redeemable Rewards,"enrolment route, Do X Get Y, Missions, Ambassador, Access by Ownership, Tenure, benefits with no old equivalent"
fd84cb70-c689-4e9c-a11a-aae728b3c89e,Wyndham Rewards,Hotels & Hospitality,Mass,Free,Spend-based earning; Member pricing; Earned status; External partner network,Points / Redeemable Rewards; Discounts; Partner Benefits,Accumulated by Spending (redeemable for spending),Tenure / Legacy Recognition OR Spending at Brand/Partners - Temporary (night-based tiers),Cashback / Direct Discounts / Coupons; Partner Benefits,Points / Redeemable Rewards,"enrolment route, Do X Get Y, Missions, Ambassador, Access by Ownership, Tenure, benefits with no old equivalent"
a3a00aee-da77-4191-8a1b-7fefc1c443da,Porsche Golf Circle,Golf,Luxury,Free,Privileged access; Member experiences & events; Community,Experiences / Events; Access / Exclusivity; Personalised Benefits,,,Community & Networking; Experiential Exclusivity; Personalisation,v3 Included member benefits / Privileged access: pick the new benefit(s),"enrolment route, Do X Get Y, Missions, Ambassador, Access by Ownership, Tenure, benefits with no old equivalent"
dd17cb3e-12e3-4b56-a573-f5b4711f57cc,Radisson Rewards,Hotels & Hospitality,Mid-market,Free,Spend-based earning; Earned status; External partner network; Privileged access,,Accumulated by Spending (redeemable for spending),Earned status in v3 but no tier rows: which tier mechanism?,Partner Benefits,v3 Included member benefits / Privileged access: pick the new benefit(s),"enrolment route, Do X Get Y, Missions, Ambassador, Access by Ownership, Tenure, benefits with no old equivalent"
06f428aa-604f-4e6c-9d3f-1271d9e7b7b1,Best Western Rewards,Hotels & Hospitality,Mass,Free,Spend-based earning; Earned status; External partner network,,Accumulated by Spending (redeemable for spending),Earned status in v3 but no tier rows: which tier mechanism?,Partner Benefits,,"enrolment route, Do X Get Y, Missions, Ambassador, Access by Ownership, Tenure, benefits with no old equivalent"
c4acea3f-e5ef-454d-bca2-20239ed9eac3,Choice Privileges,Hotels & Hospitality,Mid-market,Free,Spend-based earning; Earned status; External partner network; Privileged access,,Accumulated by Spending (redeemable for spending),Earned status in v3 but no tier rows: which tier mechanism?,Partner Benefits,v3 Included member benefits / Privileged access: pick the new benefit(s),"enrolment route, Do X Get Y, Missions, Ambassador, Access by Ownership, Tenure, benefits with no old equivalent"
46e70a99-d894-4c98-b85f-9a48d7b45078,Blue Rewards,Retail,Mass,Free,Spend-based earning; Behaviour-based rewards; Member pricing; Privileged access; External partner network,Cashback; Points / Redeemable Rewards; Discounts; Partner Benefits; Access / Exclusivity,Accumulated by Spending (redeemable for spending),"Spending at Brand/Partners - Temporary OR Spending at Brand/Partners - Lifetime & Cumulative (spend tiers: annual or lifetime?) | Accumulated by Actions / Missions / Do X, Get Y (split)",Cashback / Direct Discounts / Coupons; Experiential Exclusivity; Partner Benefits,Points / Redeemable Rewards | v3 Included member benefits / Privileged access: pick the new benefit(s),"enrolment route, Do X Get Y, Missions, Ambassador, Access by Ownership, Tenure, benefits with no old equivalent"
b97720ed-8423-4535-a0bd-2a3efc47d705,Porsche Owners' Benefits,Automotive,Luxury,Free,Included member benefits; Privileged access; Member experiences & events; Earned status; External partner network,Access / Exclusivity; Experiences / Events; Complimentary Services; Priority Access,,Invite (access is invitation only),Experiential Exclusivity; Partner Benefits; Service Exclusivity & Priority Access,Complimentary Services | v3 Included member benefits / Privileged access: pick the new benefit(s),"enrolment route, Do X Get Y, Missions, Ambassador, Access by Ownership, Tenure, benefits with no old equivalent"
d4a5a7a4-c5bb-4a25-8440-37fd4134232b,Velocity Frequent Flyer – Status,Travel & Mobility,Mass,Free,Spend-based earning; Included member benefits; Earned status; Ecosystem cross-use; External partner network,Points / Redeemable Rewards; Upgrades; Priority Access; Complimentary Services; Partner Benefits,Accumulated by Spending (redeemable for spending),,Partner Benefits; Service Exclusivity & Priority Access; Upgrades & Complimentary Offers,Points / Redeemable Rewards | Complimentary Services | v3 Included member benefits / Privileged access: pick the new benefit(s),"enrolment route, Do X Get Y, Missions, Ambassador, Access by Ownership, Tenure, benefits with no old equivalent"
c1af95d5-8f3e-4779-ac67-3b2873a112df,GHA DISCOVERY,Hotels & Hospitality,Premium,Free,Spend-based earning; Earned status; Ecosystem cross-use; Member experiences & events,,Accumulated by Spending (redeemable for spending),Earned status in v3 but no tier rows: which tier mechanism?,Experiential Exclusivity,,"enrolment route, Do X Get Y, Missions, Ambassador, Access by Ownership, Tenure, benefits with no old equivalent"
d91c12f9-c8d8-41b8-b06a-435ac3cf3160,Minor DISCOVERY,Hotels & Hospitality,Premium,Free,Spend-based earning; Earned status; Ecosystem cross-use,,Accumulated by Spending (redeemable for spending),Earned status in v3 but no tier rows: which tier mechanism?,,,"enrolment route, Do X Get Y, Missions, Ambassador, Access by Ownership, Tenure, benefits with no old equivalent"
7ef6f885-5fb1-4eaf-91e0-b99784b5b4aa,Shangri-La Circle,Hotels & Hospitality,Luxury,Free,Spend-based earning; Earned status; Member experiences & events; Privileged access,,Accumulated by Spending (redeemable for spending),Earned status in v3 but no tier rows: which tier mechanism?,Experiential Exclusivity,v3 Included member benefits / Privileged access: pick the new benefit(s),"enrolment route, Do X Get Y, Missions, Ambassador, Access by Ownership, Tenure, benefits with no old equivalent"
fe108e8b-4d50-4eda-aea3-eeac32a7ac9a,I Prefer Hotel Rewards,Hotels & Hospitality,Luxury,Free,Spend-based earning; Earned status; External partner network; Member experiences & events,,Accumulated by Spending (redeemable for spending),Earned status in v3 but no tier rows: which tier mechanism?,Experiential Exclusivity; Partner Benefits,,"enrolment route, Do X Get Y, Missions, Ambassador, Access by Ownership, Tenure, benefits with no old equivalent"
23d8ef73-510c-405c-b2dd-b10703e19e8b,Sonesta Travel Pass,Hotels & Hospitality,Mid-market,Free,Spend-based earning; Earned status,,Accumulated by Spending (redeemable for spending),Earned status in v3 but no tier rows: which tier mechanism?,,,"enrolment route, Do X Get Y, Missions, Ambassador, Access by Ownership, Tenure, benefits with no old equivalent"
55d88ba5-33cc-469f-8745-75325b2375e8,VodaBucks (via VodaPay),Banking & Financial Services,Mass,Free,Spend-based earning; Behaviour-based rewards; External partner network,Points / Redeemable Rewards; Partner Benefits; Other,Accumulated by Spending (redeemable for spending),"Accumulated by Actions / Missions / Do X, Get Y (split)",Partner Benefits,Points / Redeemable Rewards | Other,"enrolment route, Do X Get Y, Missions, Ambassador, Access by Ownership, Tenure, benefits with no old equivalent"
76eb2de4-17e8-449d-8853-aa6c604d48f0,Jotun Master Painter,Retail,Mass,Free,Spend-based earning; External partner network,Points / Redeemable Rewards,Accumulated by Spending (redeemable for spending),,Partner Benefits,Points / Redeemable Rewards,"enrolment route, Do X Get Y, Missions, Ambassador, Access by Ownership, Tenure, benefits with no old equivalent"
240d571e-3a68-4e9b-bda1-558fe3112e39,Poke House Squad,Food & Beverage,Mass,Free,Spend-based earning; Included member benefits,Free Product / Service Credit; Personalised Benefits,Accumulated by Spending (redeemable for spending),,Personalisation,Free Product / Service Credit | v3 Included member benefits / Privileged access: pick the new benefit(s),"enrolment route, Do X Get Y, Missions, Ambassador, Access by Ownership, Tenure, benefits with no old equivalent"
c9dd4896-d58d-4276-9cba-dea02b7254d3,Red Royalty,Food & Beverage,Mass,Free,Spend-based earning; Member pricing; Included member benefits; Earned status,Cashback; Discounts; Free Product / Service Credit,Accumulated by Spending (redeemable for spending),,Cashback / Direct Discounts / Coupons,Free Product / Service Credit | v3 Included member benefits / Privileged access: pick the new benefit(s),"enrolment route, Do X Get Y, Missions, Ambassador, Access by Ownership, Tenure, benefits with no old equivalent"
b45b5826-7ed5-4685-badf-fd16562ca4af,BYD/DENZA Lifestyle Membership,Automotive,Premium,Free,Member pricing; Included member benefits; Earned status; External partner network,Discounts; Partner Benefits; Complimentary Services,,Invite (access is invitation only),Cashback / Direct Discounts / Coupons; Partner Benefits,Complimentary Services | v3 Included member benefits / Privileged access: pick the new benefit(s),"enrolment route, Do X Get Y, Missions, Ambassador, Access by Ownership, Tenure, benefits with no old equivalent"
a32d9ed4-837b-45f0-a2ba-f47680c8af0f,Omni Select Guest,Hotels & Hospitality,Premium,Free,Spend-based earning; Earned status; Privileged access,,Accumulated by Spending (redeemable for spending),Earned status in v3 but no tier rows: which tier mechanism?,,v3 Included member benefits / Privileged access: pick the new benefit(s),"enrolment route, Do X Get Y, Missions, Ambassador, Access by Ownership, Tenure, benefits with no old equivalent"
832b51cc-eac6-4022-8072-de66081f412d,Loews YouFirst,Hotels & Hospitality,Premium,Free,Spend-based earning; Earned status,,Accumulated by Spending (redeemable for spending),Earned status in v3 but no tier rows: which tier mechanism?,,,"enrolment route, Do X Get Y, Missions, Ambassador, Access by Ownership, Tenure, benefits with no old equivalent"
46ff6bec-a8f7-4de3-a1bc-2b897c9dfc29,MGM Rewards,Hotels & Hospitality,Premium,Free,Spend-based earning; Earned status; Ecosystem cross-use; Included member benefits; Member experiences & events,,Accumulated by Spending (redeemable for spending),Earned status in v3 but no tier rows: which tier mechanism?,Experiential Exclusivity,v3 Included member benefits / Privileged access: pick the new benefit(s),"enrolment route, Do X Get Y, Missions, Ambassador, Access by Ownership, Tenure, benefits with no old equivalent"
75fc0710-9f00-4ff4-8878-9ba9957c4d57,One Harmony,Hotels & Hospitality,Premium,Free,Spend-based earning; Member pricing; Included member benefits; Earned status; External partner network,Points / Redeemable Rewards; Upgrades; Discounts; Complimentary Services,Accumulated by Spending (redeemable for spending),,Cashback / Direct Discounts / Coupons; Partner Benefits; Upgrades & Complimentary Offers,Points / Redeemable Rewards | Complimentary Services | v3 Included member benefits / Privileged access: pick the new benefit(s),"enrolment route, Do X Get Y, Missions, Ambassador, Access by Ownership, Tenure, benefits with no old equivalent"
7b6a60cd-39d1-46a7-8b5e-525563e166c1,88 Membership Club / 88 VIP,Retail,Mass,Hybrid,Spend-based earning; Member pricing; Included member benefits; Earned status; Ecosystem cross-use; External partner network,Discounts; Partner Benefits; Free Product / Service Credit,Accumulated by Spending (redeemable for spending); Paid Subscription,,Cashback / Direct Discounts / Coupons; Partner Benefits,Free Product / Service Credit | v3 Included member benefits / Privileged access: pick the new benefit(s),"enrolment route, Do X Get Y, Missions, Ambassador, Access by Ownership, Tenure, benefits with no old equivalent"
56df7b4c-59eb-4d18-82a0-d43d2498fc3f,IHG One Rewards,Hotels & Hospitality,Mid-market,Free,Spend-based earning; Earned status; External partner network,Points / Redeemable Rewards; Upgrades; Priority Access; Partner Benefits,Accumulated by Spending (redeemable for spending),Tenure / Legacy Recognition OR Spending at Brand/Partners - Temporary (night-based tiers),Partner Benefits; Service Exclusivity & Priority Access; Upgrades & Complimentary Offers,Points / Redeemable Rewards,"enrolment route, Do X Get Y, Missions, Ambassador, Access by Ownership, Tenure, benefits with no old equivalent"
f6598e5e-ff93-4469-b761-bc496e1e644c,Qantas Frequent Flyer,Travel & Mobility,Mass,Free,Spend-based earning; Earned status; External partner network,Points / Redeemable Rewards; Upgrades; Priority Access; Partner Benefits,Accumulated by Spending (redeemable for spending),,Partner Benefits; Service Exclusivity & Priority Access; Upgrades & Complimentary Offers,Points / Redeemable Rewards,"enrolment route, Do X Get Y, Missions, Ambassador, Access by Ownership, Tenure, benefits with no old equivalent"
bb45e184-7f48-477c-b322-9898430ace4d,British Airways Executive Club,Travel & Mobility,Premium,Free,Spend-based earning; Member pricing; Earned status; External partner network,Points / Redeemable Rewards; Upgrades; Priority Access; Partner Benefits,Accumulated by Spending (redeemable for spending),,Cashback / Direct Discounts / Coupons; Partner Benefits; Service Exclusivity & Priority Access; Upgrades & Complimentary Offers,Points / Redeemable Rewards,"enrolment route, Do X Get Y, Missions, Ambassador, Access by Ownership, Tenure, benefits with no old equivalent"
e6bf564c-eeff-42c4-9777-0213c15f6c93,easyJet Plus,Travel & Mobility,Mid-market,Subscription,Member pricing; Included member benefits; Privileged access,Priority Access; Discounts; Complimentary Services,Paid Subscription,,Cashback / Direct Discounts / Coupons; Service Exclusivity & Priority Access,Complimentary Services | v3 Included member benefits / Privileged access: pick the new benefit(s),"enrolment route, Do X Get Y, Missions, Ambassador, Access by Ownership, Tenure, benefits with no old equivalent"
5923b522-22c7-419b-a05e-c0f334c76a19,Ryanair Prime,Travel & Mobility,Mass,Subscription,Member pricing; Included member benefits; Privileged access,Discounts; Priority Access; Complimentary Services,Paid Subscription,,Cashback / Direct Discounts / Coupons; Service Exclusivity & Priority Access,Complimentary Services | v3 Included member benefits / Privileged access: pick the new benefit(s),"enrolment route, Do X Get Y, Missions, Ambassador, Access by Ownership, Tenure, benefits with no old equivalent"
02f595a7-d8e8-4dff-bf1e-30d21ccf6e57,TrueBlue,Travel & Mobility,Mass,Free,Spend-based earning; Behaviour-based rewards; Earned status; External partner network,Points / Redeemable Rewards; Priority Access; Partner Benefits,Accumulated by Spending (redeemable for spending),"Accumulated by Actions / Missions / Do X, Get Y (split)",Partner Benefits; Service Exclusivity & Priority Access,Points / Redeemable Rewards,"enrolment route, Do X Get Y, Missions, Ambassador, Access by Ownership, Tenure, benefits with no old equivalent"
bf8411d1-8313-4ac3-8d9a-e4abe1f2f3b1,The Academy Barry's,Fitness & Wellness,Premium,Paid,Behaviour-based rewards; Community,,Paid Subscription,"Accumulated by Actions / Missions / Do X, Get Y (split)",Community & Networking,,"enrolment route, Do X Get Y, Missions, Ambassador, Access by Ownership, Tenure, benefits with no old equivalent"
e6198c97-a63e-463f-90c6-065e7b4187d6,Orangetheory Rewards,Fitness & Wellness,Mid-market,Subscription,Behaviour-based rewards; Community,,Paid Subscription,"Accumulated by Actions / Missions / Do X, Get Y (split)",Community & Networking,,"enrolment route, Do X Get Y, Missions, Ambassador, Access by Ownership, Tenure, benefits with no old equivalent"
306ea95c-0944-4f30-a7bf-133c8a5fa190,F45 Play,Fitness & Wellness,Mid-market,Subscription,Behaviour-based rewards; Community; Referral,,Paid Subscription; Referral,"Accumulated by Actions / Missions / Do X, Get Y (split)",Community & Networking,,"enrolment route, Do X Get Y, Missions, Ambassador, Access by Ownership, Tenure, benefits with no old equivalent"
346c2ea6-b4ae-47a9-a2cb-19ed4b824686,Pvolve,Fitness & Wellness,Premium,Subscription,Included member benefits,,Paid Subscription,,,v3 Included member benefits / Privileged access: pick the new benefit(s),"enrolment route, Do X Get Y, Missions, Ambassador, Access by Ownership, Tenure, benefits with no old equivalent"
b906b0b1-6771-4ee5-8b7d-496c6fb466b6,SLH Club,Hotels & Hospitality,Premium,Free,Member pricing; Included member benefits; Earned status,Discounts; Complimentary Services; Priority Access,,Tenure / Legacy Recognition OR Spending at Brand/Partners - Temporary (night-based tiers),Cashback / Direct Discounts / Coupons; Service Exclusivity & Priority Access,Complimentary Services | v3 Included member benefits / Privileged access: pick the new benefit(s),"enrolment route, Do X Get Y, Missions, Ambassador, Access by Ownership, Tenure, benefits with no old equivalent"
9bb17498-94cf-46c6-92e4-e9f3ce239073,Costa Club,Travel & Mobility,Mass,Free,Spend-based earning; Member pricing; Included member benefits; Earned status,Discounts; Priority Access; Complimentary Services,Accumulated by Spending (redeemable for spending),,Cashback / Direct Discounts / Coupons; Service Exclusivity & Priority Access,Complimentary Services | v3 Included member benefits / Privileged access: pick the new benefit(s),"enrolment route, Do X Get Y, Missions, Ambassador, Access by Ownership, Tenure, benefits with no old equivalent"
194fd881-f01a-4017-800d-960a806b6dfa,Avis Preferred,Travel & Mobility,Mid-market,Free,Spend-based earning; Member pricing; Earned status,Points / Redeemable Rewards; Priority Access; Upgrades; Discounts,Accumulated by Spending (redeemable for spending),,Cashback / Direct Discounts / Coupons; Service Exclusivity & Priority Access; Upgrades & Complimentary Offers,Points / Redeemable Rewards,"enrolment route, Do X Get Y, Missions, Ambassador, Access by Ownership, Tenure, benefits with no old equivalent"
e58903f5-249d-4bee-9b1a-1661f9bb215a,Booking.com Genius,Travel & Mobility,Mass,Free,Member pricing; Included member benefits; Earned status,Discounts; Complimentary Services,,Tenure / Legacy Recognition OR Spending at Brand/Partners - Temporary (night-based tiers),Cashback / Direct Discounts / Coupons,Complimentary Services | v3 Included member benefits / Privileged access: pick the new benefit(s),"enrolment route, Do X Get Y, Missions, Ambassador, Access by Ownership, Tenure, benefits with no old equivalent"
b765e05f-2122-4a6d-8e81-411a969db3c5,OneKey,Travel & Mobility,Mass,Free,Spend-based earning; Member pricing; Earned status; Ecosystem cross-use,Points / Redeemable Rewards; Discounts; Priority Access,Accumulated by Spending (redeemable for spending),Tenure / Legacy Recognition OR Spending at Brand/Partners - Temporary (night-based tiers),Cashback / Direct Discounts / Coupons; Service Exclusivity & Priority Access,Points / Redeemable Rewards,"enrolment route, Do X Get Y, Missions, Ambassador, Access by Ownership, Tenure, benefits with no old equivalent"
899953fc-fa06-4e69-be93-48b3b83f4f1c,Clube de Fidelização,Hotels & Hospitality,Mid-market,Free,Spend-based earning; Member pricing; External partner network,Points / Redeemable Rewards; Discounts; Partner Benefits,Accumulated by Spending (redeemable for spending),,Cashback / Direct Discounts / Coupons; Partner Benefits,Points / Redeemable Rewards,"enrolment route, Do X Get Y, Missions, Ambassador, Access by Ownership, Tenure, benefits with no old equivalent"
3919603e-d162-4b41-8824-868aedca9ce7,Member Hotel,Hotels & Hospitality,,,,,,,,,"enrolment route, Do X Get Y, Missions, Ambassador, Access by Ownership, Tenure, benefits with no old equivalent"
e682ee5e-bf53-43da-a479-891e8c606ffc,Wellhub,Fitness & Wellness,Mid-market,Subscription,External partner network; Included member benefits,,Paid Subscription,,Partner Benefits,v3 Included member benefits / Privileged access: pick the new benefit(s),"enrolment route, Do X Get Y, Missions, Ambassador, Access by Ownership, Tenure, benefits with no old equivalent"
74aeb41f-220c-4dfa-bfbe-677c5c41bbda,MSC Voyagers Club,Travel & Mobility,Mass,Free,Member pricing; Included member benefits; Earned status,Discounts; Priority Access; Complimentary Services,,,Cashback / Direct Discounts / Coupons; Service Exclusivity & Priority Access,Complimentary Services | v3 Included member benefits / Privileged access: pick the new benefit(s),"enrolment route, Do X Get Y, Missions, Ambassador, Access by Ownership, Tenure, benefits with no old equivalent"
bbb5b744-7593-4521-a59b-0a813d5e6eeb,Crown & Anchor Society,Travel & Mobility,Mass,Free,Spend-based earning; Member pricing; Included member benefits; Earned status,Points / Redeemable Rewards; Priority Access; Complimentary Services; Discounts,Accumulated by Spending (redeemable for spending),,Cashback / Direct Discounts / Coupons; Service Exclusivity & Priority Access,Points / Redeemable Rewards | Complimentary Services | v3 Included member benefits / Privileged access: pick the new benefit(s),"enrolment route, Do X Get Y, Missions, Ambassador, Access by Ownership, Tenure, benefits with no old equivalent"
be5d797a-a6a5-4a25-a8c9-20ade6c24435,Advantage Points,Golf,Mid-market,Paid,Spend-based earning; Member pricing; External partner network,Discounts; Partner Benefits,Accumulated by Spending (redeemable for spending); Paid Subscription,,Cashback / Direct Discounts / Coupons; Partner Benefits,,"enrolment route, Do X Get Y, Missions, Ambassador, Access by Ownership, Tenure, benefits with no old equivalent"
09aad811-06ab-4487-b488-55976f84fe51,David Lloyd,Fitness & Wellness,Premium,Subscription,Included member benefits; Community,,Paid Subscription,,Community & Networking,v3 Included member benefits / Privileged access: pick the new benefit(s),"enrolment route, Do X Get Y, Missions, Ambassador, Access by Ownership, Tenure, benefits with no old equivalent"
15ebef7f-2a05-44e3-816f-8971db6d4d1f,Nuffield Health,Fitness & Wellness,Mid-market,Subscription,Included member benefits,,Paid Subscription,,,v3 Included member benefits / Privileged access: pick the new benefit(s),"enrolment route, Do X Get Y, Missions, Ambassador, Access by Ownership, Tenure, benefits with no old equivalent"
c9556c0f-449d-41e0-96d7-53092c1b64b2,Club Pret,Retail,Mid-market,Subscription,Included member benefits,,Paid Subscription,,,v3 Included member benefits / Privileged access: pick the new benefit(s),"enrolment route, Do X Get Y, Missions, Ambassador, Access by Ownership, Tenure, benefits with no old equivalent"
d8466038-e1ed-4300-aaee-76e9853b2e0c,Costa Club Coffee,Retail,Mass,Free,Behaviour-based rewards; Spend-based earning,,Accumulated by Spending (redeemable for spending),"Accumulated by Actions / Missions / Do X, Get Y (split)",,,"enrolment route, Do X Get Y, Missions, Ambassador, Access by Ownership, Tenure, benefits with no old equivalent"
c881d876-dc35-4d9d-98ee-1a449299ec1b,Bannatyne,Fitness & Wellness,Mid-market,Subscription,Included member benefits; Community,,Paid Subscription,,Community & Networking,v3 Included member benefits / Privileged access: pick the new benefit(s),"enrolment route, Do X Get Y, Missions, Ambassador, Access by Ownership, Tenure, benefits with no old equivalent"
979d6a1a-d222-4a38-85dd-3dc7e0ff26ac,SoulCycle,Fitness & Wellness,Premium,Paid,Community,,Paid Subscription,,Community & Networking,,"enrolment route, Do X Get Y, Missions, Ambassador, Access by Ownership, Tenure, benefits with no old equivalent"
3980e1a2-6a14-4f3b-8bee-1699ddb61e65,CorePower Yoga,Fitness & Wellness,Mid-market,Subscription,Included member benefits; Community,,Paid Subscription,,Community & Networking,v3 Included member benefits / Privileged access: pick the new benefit(s),"enrolment route, Do X Get Y, Missions, Ambassador, Access by Ownership, Tenure, benefits with no old equivalent"
fc0dd897-9f42-4021-95e6-e84edf797538,MyMcDonald's,Food & Beverage,Mass,Free,Spend-based earning; Behaviour-based rewards,,Accumulated by Spending (redeemable for spending),"Accumulated by Actions / Missions / Do X, Get Y (split)",,,"enrolment route, Do X Get Y, Missions, Ambassador, Access by Ownership, Tenure, benefits with no old equivalent"
4e109b16-2995-4f2c-a046-b9ae74b789ea,Nando's Rewards,Food & Beverage,Mid-market,Free,Spend-based earning; Member pricing,,Accumulated by Spending (redeemable for spending),,Cashback / Direct Discounts / Coupons,,"enrolment route, Do X Get Y, Missions, Ambassador, Access by Ownership, Tenure, benefits with no old equivalent"
42fb7b8d-5d21-4aa3-b1b7-568a0ac79393,Chipotle Rewards,Food & Beverage,Mid-market,Free,Spend-based earning; Behaviour-based rewards; Referral,,Accumulated by Spending (redeemable for spending); Referral,"Accumulated by Actions / Missions / Do X, Get Y (split)",,,"enrolment route, Do X Get Y, Missions, Ambassador, Access by Ownership, Tenure, benefits with no old equivalent"
9200aee2-84f3-49e4-9d6e-1945ebc762a4,Taco Bell Rewards,Food & Beverage,Mass,Free,Spend-based earning; Behaviour-based rewards,,Accumulated by Spending (redeemable for spending),"Accumulated by Actions / Missions / Do X, Get Y (split)",,,"enrolment route, Do X Get Y, Missions, Ambassador, Access by Ownership, Tenure, benefits with no old equivalent"
531172aa-20eb-4b7e-bfd4-5afc54ecfbf1,KFC Rewards,Food & Beverage,Mass,Free,Spend-based earning; Member pricing,,Accumulated by Spending (redeemable for spending),,Cashback / Direct Discounts / Coupons,,"enrolment route, Do X Get Y, Missions, Ambassador, Access by Ownership, Tenure, benefits with no old equivalent"
2b1bff05-ce20-48cb-8cc7-a0eb386b5def,Dunkin' Rewards,Food & Beverage,Mass,Free,Spend-based earning; Earned status,,Accumulated by Spending (redeemable for spending),Earned status in v3 but no tier rows: which tier mechanism?,,,"enrolment route, Do X Get Y, Missions, Ambassador, Access by Ownership, Tenure, benefits with no old equivalent"
9c3f390c-30fb-4d36-8a5d-2be16bbba9b0,Club Carrefour,Retail,Mass,Free,Spend-based earning; Member pricing; External partner network,Discounts; Points / Redeemable Rewards; Personalised Benefits; Partner Benefits,Accumulated by Spending (redeemable for spending),,Cashback / Direct Discounts / Coupons; Partner Benefits; Personalisation,Points / Redeemable Rewards,"enrolment route, Do X Get Y, Missions, Ambassador, Access by Ownership, Tenure, benefits with no old equivalent"
c1172778-446f-455e-a605-d2d200e1fe75,Annual Passholder,Leisure & Entertainment,Premium,Paid,Member pricing; Privileged access; Member experiences & events,Access / Exclusivity; Discounts; Experiences / Events,Paid Subscription,,Cashback / Direct Discounts / Coupons; Experiential Exclusivity,v3 Included member benefits / Privileged access: pick the new benefit(s),"enrolment route, Do X Get Y, Missions, Ambassador, Access by Ownership, Tenure, benefits with no old equivalent"
e3f1ea09-c7bf-4ba4-9cf2-9da3e722e25d,Disney Vacation Club,Hotels & Hospitality,Luxury,Paid,Privileged access; Member experiences & events,Access / Exclusivity; Personalised Benefits; Experiences / Events,Paid Subscription,,Experiential Exclusivity; Personalisation,v3 Included member benefits / Privileged access: pick the new benefit(s),"enrolment route, Do X Get Y, Missions, Ambassador, Access by Ownership, Tenure, benefits with no old equivalent"
d15e2b0d-7c9a-481d-8a0a-26204475ee17,Epic Pass,Leisure & Entertainment,Premium,Paid,Privileged access; Ecosystem cross-use,Access / Exclusivity; Priority Access,Paid Subscription,,Experiential Exclusivity; Service Exclusivity & Priority Access,v3 Included member benefits / Privileged access: pick the new benefit(s),"enrolment route, Do X Get Y, Missions, Ambassador, Access by Ownership, Tenure, benefits with no old equivalent"
c23c6398-dea5-450d-ad19-855bf5b9f667,Oracle Red Bull Racing,Leisure & Entertainment,Premium,Free,Spend-based earning; Behaviour-based rewards; Member pricing; Privileged access; Member experiences & events; Referral; Community,Discounts; Points / Redeemable Rewards; Access / Exclusivity; Experiences / Events,Accumulated by Spending (redeemable for spending); Referral,"Accumulated by Actions / Missions / Do X, Get Y (split)",Cashback / Direct Discounts / Coupons; Community & Networking; Experiential Exclusivity,Points / Redeemable Rewards | v3 Included member benefits / Privileged access: pick the new benefit(s),"enrolment route, Do X Get Y, Missions, Ambassador, Access by Ownership, Tenure, benefits with no old equivalent"
fcd15eb0-2cce-4d64-afba-1c74bbfb1f03,Panera (MyPanera),Food & Beverage,Mid-market,Free,Spend-based earning,,Accumulated by Spending (redeemable for spending),,,,"enrolment route, Do X Get Y, Missions, Ambassador, Access by Ownership, Tenure, benefits with no old equivalent"
c017b7a9-f5c8-4f7d-a620-e931072fb6a3,XLife - Invited Clubs,Leisure & Entertainment,Premium,Paid,Included member benefits; Community; Member experiences & events; Privileged access,,Paid Subscription,,Community & Networking; Experiential Exclusivity,v3 Included member benefits / Privileged access: pick the new benefit(s),"enrolment route, Do X Get Y, Missions, Ambassador, Access by Ownership, Tenure, benefits with no old equivalent"
97d700c9-8cf3-4348-a12f-5c698f5f2b24,IHOP Rewards,Food & Beverage,Mass,Free,Spend-based earning; Member pricing,,Accumulated by Spending (redeemable for spending),,Cashback / Direct Discounts / Coupons,,"enrolment route, Do X Get Y, Missions, Ambassador, Access by Ownership, Tenure, benefits with no old equivalent"
5e9ffd50-4c65-4ed0-8311-3e81abb8a422,Walmart+,Retail,Mass,Subscription,Member pricing; Included member benefits; Ecosystem cross-use; External partner network,Free Product / Service Credit; Discounts; Complimentary Services; Partner Benefits,Paid Subscription,,Cashback / Direct Discounts / Coupons; Partner Benefits,Free Product / Service Credit | Complimentary Services | v3 Included member benefits / Privileged access: pick the new benefit(s),"enrolment route, Do X Get Y, Missions, Ambassador, Access by Ownership, Tenure, benefits with no old equivalent"
f9d1131c-b2ff-4887-a1d5-5ae9eccc1b27,KemperCollection,Golf,Premium,Paid,Ecosystem cross-use; Member pricing,,Paid Subscription,,Cashback / Direct Discounts / Coupons,,"enrolment route, Do X Get Y, Missions, Ambassador, Access by Ownership, Tenure, benefits with no old equivalent"
eac86a2b-3e08-4cbe-ad5e-dc962d524a81,PGA TOUR Rewards,Golf,Premium,Subscription,Privileged access; Included member benefits; Member experiences & events,,Paid Subscription,,Experiential Exclusivity,v3 Included member benefits / Privileged access: pick the new benefit(s),"enrolment route, Do X Get Y, Missions, Ambassador, Access by Ownership, Tenure, benefits with no old equivalent"
54889c2c-7a6e-4771-8538-d6549a6fdad5,Pestana Guest Club,Hotels & Hospitality,Mid-market,Free,Spend-based earning; Member pricing; Included member benefits; Earned status; External partner network,Points / Redeemable Rewards; Discounts; Upgrades; Complimentary Services; Partner Benefits,Accumulated by Spending (redeemable for spending),Tenure / Legacy Recognition OR Spending at Brand/Partners - Temporary (night-based tiers),Cashback / Direct Discounts / Coupons; Partner Benefits; Upgrades & Complimentary Offers,Points / Redeemable Rewards | Complimentary Services | v3 Included member benefits / Privileged access: pick the new benefit(s),"enrolment route, Do X Get Y, Missions, Ambassador, Access by Ownership, Tenure, benefits with no old equivalent"
c78f68af-fc84-4b80-9165-176f6cb12dee,TaylorMade Rewards,Golf,Premium,Free,Spend-based earning; Privileged access,,Accumulated by Spending (redeemable for spending),,,v3 Included member benefits / Privileged access: pick the new benefit(s),"enrolment route, Do X Get Y, Missions, Ambassador, Access by Ownership, Tenure, benefits with no old equivalent"
4e8d4f29-a22d-4a6d-98fd-90b51ecad4c7,Team Titleist,Golf,Premium,Free,Community; Privileged access; Member experiences & events,,,,Community & Networking; Experiential Exclusivity,v3 Included member benefits / Privileged access: pick the new benefit(s),"enrolment route, Do X Get Y, Missions, Ambassador, Access by Ownership, Tenure, benefits with no old equivalent"
8df36c63-44ef-47fc-b217-e864e085cf94,Topgolf Memberships,Golf,Mid-market,Subscription,Member pricing; Privileged access,,Paid Subscription,,Cashback / Direct Discounts / Coupons,v3 Included member benefits / Privileged access: pick the new benefit(s),"enrolment route, Do X Get Y, Missions, Ambassador, Access by Ownership, Tenure, benefits with no old equivalent"
74610356-d59e-40a9-9a5a-16a4c74fd0c0,Callaway Rewards,Golf,Premium,Free,Spend-based earning; Privileged access,,Accumulated by Spending (redeemable for spending),,,v3 Included member benefits / Privileged access: pick the new benefit(s),"enrolment route, Do X Get Y, Missions, Ambassador, Access by Ownership, Tenure, benefits with no old equivalent"
630d8d33-a750-4167-9aa8-3f1170506753,Lion Hearts,Automotive,Mass,Free,Member pricing; Privileged access; External partner network; Referral,Discounts; Access / Exclusivity; Partner Benefits; Other,Referral,,Cashback / Direct Discounts / Coupons; Experiential Exclusivity; Partner Benefits,Other | v3 Included member benefits / Privileged access: pick the new benefit(s),"enrolment route, Do X Get Y, Missions, Ambassador, Access by Ownership, Tenure, benefits with no old equivalent"
a8869323-fb70-46c5-a4f6-b305f47f4781,FootJoy Insider,Golf,Premium,Free,Privileged access; Spend-based earning,,Accumulated by Spending (redeemable for spending),,,v3 Included member benefits / Privileged access: pick the new benefit(s),"enrolment route, Do X Get Y, Missions, Ambassador, Access by Ownership, Tenure, benefits with no old equivalent"
2aa3f39a-e037-473d-82ac-c6f0b618dfd1,Hertz Gold Plus Rewards,Travel & Mobility,Mid-market,Free,Spend-based earning; Earned status,Points / Redeemable Rewards; Priority Access; Upgrades,Accumulated by Spending (redeemable for spending),Spending at Brand/Partners - Temporary OR Spending at Brand/Partners - Lifetime & Cumulative (spend tiers: annual or lifetime?),Service Exclusivity & Priority Access; Upgrades & Complimentary Offers,Points / Redeemable Rewards,"enrolment route, Do X Get Y, Missions, Ambassador, Access by Ownership, Tenure, benefits with no old equivalent"
fbc61cf2-bdec-4e20-96ab-a5269c048e8c,BMW Excellence Club,Automotive,Luxury,Free,Community; Member experiences & events; Privileged access,,,,Community & Networking; Experiential Exclusivity,v3 Included member benefits / Privileged access: pick the new benefit(s),"enrolment route, Do X Get Y, Missions, Ambassador, Access by Ownership, Tenure, benefits with no old equivalent"
60c92de4-5171-4a6f-93f6-14399a7d9ab0,Equinox+,Fitness & Wellness,Luxury,Subscription,Included member benefits; Privileged access; External partner network,Complimentary Services; Access / Exclusivity; Partner Benefits; Priority Access,Paid Subscription,,Experiential Exclusivity; Partner Benefits; Service Exclusivity & Priority Access,Complimentary Services | v3 Included member benefits / Privileged access: pick the new benefit(s),"enrolment route, Do X Get Y, Missions, Ambassador, Access by Ownership, Tenure, benefits with no old equivalent"
e33ef89d-f2b9-4649-88f1-587cda43f72b,World of Hyatt,Hotels & Hospitality,Premium,Free,Spend-based earning; Earned status; External partner network,Points / Redeemable Rewards; Upgrades; Priority Access; Partner Benefits,Accumulated by Spending (redeemable for spending),Tenure / Legacy Recognition OR Spending at Brand/Partners - Temporary (night-based tiers),Partner Benefits; Service Exclusivity & Priority Access; Upgrades & Complimentary Offers,Points / Redeemable Rewards,"enrolment route, Do X Get Y, Missions, Ambassador, Access by Ownership, Tenure, benefits with no old equivalent"
71217b0c-c602-4445-af1e-668e5ff4a384,BMW ConnectedDrive,Automotive,Luxury,Subscription,Included member benefits,,Paid Subscription,,,v3 Included member benefits / Privileged access: pick the new benefit(s),"enrolment route, Do X Get Y, Missions, Ambassador, Access by Ownership, Tenure, benefits with no old equivalent"
54fd095b-3892-47d2-963e-a588de504331,GoTo Pass,Hotels & Hospitality,Mid-market,Free,Spend-based earning; Member pricing; Earned status,Points / Redeemable Rewards; Discounts; Priority Access,Accumulated by Spending (redeemable for spending),,Cashback / Direct Discounts / Coupons; Service Exclusivity & Priority Access,Points / Redeemable Rewards,"enrolment route, Do X Get Y, Missions, Ambassador, Access by Ownership, Tenure, benefits with no old equivalent"
f7669741-74e0-4e8c-968f-fcbfa529c0b8,Atmos Rewards,Travel & Mobility,Mass,Free,Spend-based earning; Earned status; Ecosystem cross-use; External partner network,Points / Redeemable Rewards; Upgrades; Priority Access; Partner Benefits,Accumulated by Spending (redeemable for spending),,Partner Benefits; Service Exclusivity & Priority Access; Upgrades & Complimentary Offers,Points / Redeemable Rewards,"enrolment route, Do X Get Y, Missions, Ambassador, Access by Ownership, Tenure, benefits with no old equivalent"
3be607e0-7878-4234-a65d-26fe8fc70594,The Mastercard Collection – Asia Gourmet Circle,Banking & Financial Services,Luxury,Free,Member pricing; Privileged access; External partner network,Priority Access; Access / Exclusivity; Partner Benefits; Discounts,,Invite (access is invitation only),Cashback / Direct Discounts / Coupons; Experiential Exclusivity; Partner Benefits; Service Exclusivity & Priority Access,v3 Included member benefits / Privileged access: pick the new benefit(s),"enrolment route, Do X Get Y, Missions, Ambassador, Access by Ownership, Tenure, benefits with no old equivalent"
3251c159-9b1e-4def-832f-007a2c265537,My Rituals,Retail,Premium,Free,Included member benefits; Member experiences & events; Community,Free Product / Service Credit; Complimentary Services; Personalised Benefits; Experiences / Events,,,Community & Networking; Experiential Exclusivity; Personalisation,Free Product / Service Credit | Complimentary Services | v3 Included member benefits / Privileged access: pick the new benefit(s),"enrolment route, Do X Get Y, Missions, Ambassador, Access by Ownership, Tenure, benefits with no old equivalent"
117aa8dc-c49f-4a81-a48d-70971dfabe3c,Mercedes Benz Club Membership,Automotive,Luxury,Paid,Community; Member experiences & events,,Paid Subscription,,Community & Networking; Experiential Exclusivity,,"enrolment route, Do X Get Y, Missions, Ambassador, Access by Ownership, Tenure, benefits with no old equivalent"
2539f1e0-7198-48e7-84e4-e47544d3fa58,MyAudi,Automotive,Luxury,Free,Included member benefits,,,,,v3 Included member benefits / Privileged access: pick the new benefit(s),"enrolment route, Do X Get Y, Missions, Ambassador, Access by Ownership, Tenure, benefits with no old equivalent"
1949eb44-8392-42ed-a7c5-7aa7c65a7567,Hugo Boss XP,Retail,Premium,Free,Spend-based earning; Behaviour-based rewards; Member pricing; Included member benefits; Privileged access; Earned status,Discounts; Priority Access; Complimentary Services; Personalised Benefits,Accumulated by Spending (redeemable for spending),"Accumulated by Actions / Missions / Do X, Get Y (split)",Cashback / Direct Discounts / Coupons; Personalisation; Service Exclusivity & Priority Access,Complimentary Services | v3 Included member benefits / Privileged access: pick the new benefit(s),"enrolment route, Do X Get Y, Missions, Ambassador, Access by Ownership, Tenure, benefits with no old equivalent"
4f90b888-0926-42f7-8b90-4e1dec406eea,Kia Connect,Automotive,Mass,Subscription,Included member benefits,,Paid Subscription,,,v3 Included member benefits / Privileged access: pick the new benefit(s),"enrolment route, Do X Get Y, Missions, Ambassador, Access by Ownership, Tenure, benefits with no old equivalent"
ba02c64d-9d6d-4469-9b20-91664ebaf12e,Lexus,Automotive,Luxury,Hybrid,Included member benefits,,Paid Subscription,,,v3 Included member benefits / Privileged access: pick the new benefit(s),"enrolment route, Do X Get Y, Missions, Ambassador, Access by Ownership, Tenure, benefits with no old equivalent"
2aff1a70-eee8-4a6a-b1c0-a1aed10b4c68,Toyota Go,Automotive,Mass,Free,Behaviour-based rewards; External partner network,,,"Accumulated by Actions / Missions / Do X, Get Y (split)",Partner Benefits,,"enrolment route, Do X Get Y, Missions, Ambassador, Access by Ownership, Tenure, benefits with no old equivalent"
e29c2d9c-229f-4e5a-80f8-837ae4aff304,FordPass,Automotive,Mass,Hybrid,Spend-based earning; Included member benefits,,Accumulated by Spending (redeemable for spending); Paid Subscription,,,v3 Included member benefits / Privileged access: pick the new benefit(s),"enrolment route, Do X Get Y, Missions, Ambassador, Access by Ownership, Tenure, benefits with no old equivalent"
94699a43-9526-47fd-a344-ab11cd1bd74f,Hyundai Rewards,Automotive,Mass,Free,Spend-based earning,,Accumulated by Spending (redeemable for spending),,,,"enrolment route, Do X Get Y, Missions, Ambassador, Access by Ownership, Tenure, benefits with no old equivalent"
c9a1932f-8fc6-499f-aa00-ea25ab353d4a,NissanConnect,Automotive,Mass,Subscription,Included member benefits,,Paid Subscription,,,v3 Included member benefits / Privileged access: pick the new benefit(s),"enrolment route, Do X Get Y, Missions, Ambassador, Access by Ownership, Tenure, benefits with no old equivalent"
539f0ad2-731a-49d2-8682-ae632cacce81,Care by Volvo,Automotive,Premium,Subscription,Included member benefits,,Paid Subscription,,,v3 Included member benefits / Privileged access: pick the new benefit(s),"enrolment route, Do X Get Y, Missions, Ambassador, Access by Ownership, Tenure, benefits with no old equivalent"
6150fb4a-40b3-4265-b4ab-bc637fc63dc6,Range Rover Owner,Automotive,Luxury,Free,Community; Member experiences & events,,,,Community & Networking; Experiential Exclusivity,,"enrolment route, Do X Get Y, Missions, Ambassador, Access by Ownership, Tenure, benefits with no old equivalent"
5e293e3b-254a-4dca-9e79-eb7eeefccbb8,Club Land Rover,Automotive,Luxury,Free,Community; Member experiences & events,,,,Community & Networking; Experiential Exclusivity,,"enrolment route, Do X Get Y, Missions, Ambassador, Access by Ownership, Tenure, benefits with no old equivalent"
73e25d74-266e-4bbd-848b-649cc44094dd,Jaguar Subscription,Automotive,Luxury,Subscription,Included member benefits,,Paid Subscription,,,v3 Included member benefits / Privileged access: pick the new benefit(s),"enrolment route, Do X Get Y, Missions, Ambassador, Access by Ownership, Tenure, benefits with no old equivalent"
a6afd29f-de1e-4f8b-8aea-df9ff776c05d,MINI Connected Package,Automotive,Premium,Subscription,Included member benefits,,Paid Subscription,,,v3 Included member benefits / Privileged access: pick the new benefit(s),"enrolment route, Do X Get Y, Missions, Ambassador, Access by Ownership, Tenure, benefits with no old equivalent"
c6b49ac1-bdf5-4a89-9a13-b62e79b6174a,Absa Rewards,Banking & Financial Services,Mass,Free,Spend-based earning; External partner network,Cashback; Partner Benefits,Accumulated by Spending (redeemable for spending),,Cashback / Direct Discounts / Coupons; Partner Benefits,,"enrolment route, Do X Get Y, Missions, Ambassador, Access by Ownership, Tenure, benefits with no old equivalent"
bfe30942-db0c-4bf4-a722-2cca6eb68da5,Tesla Connectivity Premium,Automotive,Premium,Subscription,Included member benefits,,Paid Subscription,,,v3 Included member benefits / Privileged access: pick the new benefit(s),"enrolment route, Do X Get Y, Missions, Ambassador, Access by Ownership, Tenure, benefits with no old equivalent"
80d75e81-ff7b-4aa5-8285-8c605ef4aaaa,ALL Accor,Hotels & Hospitality,Mass,Free,Spend-based earning; Member pricing; Included member benefits; Earned status; Ecosystem cross-use; External partner network,Points / Redeemable Rewards; Discounts; Upgrades; Priority Access; Complimentary Services,Accumulated by Spending (redeemable for spending),,Cashback / Direct Discounts / Coupons; Partner Benefits; Service Exclusivity & Priority Access; Upgrades & Complimentary Offers,Points / Redeemable Rewards | Complimentary Services | v3 Included member benefits / Privileged access: pick the new benefit(s),"enrolment route, Do X Get Y, Missions, Ambassador, Access by Ownership, Tenure, benefits with no old equivalent"
80d120d3-8146-4bd3-a676-f513010fb734,Aura,Retail,Mid-market,Free,Spend-based earning; Ecosystem cross-use; External partner network,,Accumulated by Spending (redeemable for spending),,Partner Benefits,,"enrolment route, Do X Get Y, Missions, Ambassador, Access by Ownership, Tenure, benefits with no old equivalent"
81a98a00-8f90-43cc-bc54-96a5c2226d78,Emirates Skywards,Travel & Mobility,Premium,Free,Spend-based earning; Earned status; Ecosystem cross-use; External partner network,Points / Redeemable Rewards; Upgrades; Priority Access; Partner Benefits,Accumulated by Spending (redeemable for spending),,Partner Benefits; Service Exclusivity & Priority Access; Upgrades & Complimentary Offers,Points / Redeemable Rewards,"enrolment route, Do X Get Y, Missions, Ambassador, Access by Ownership, Tenure, benefits with no old equivalent"
b43590c4-30ac-456c-9e1e-9cbfd518cf52,The North Face XPLR Pass,Retail,Mass,Free,Spend-based earning; Behaviour-based rewards; Included member benefits; Privileged access; Member experiences & events,Points / Redeemable Rewards; Priority Access; Complimentary Services; Experiences / Events,Accumulated by Spending (redeemable for spending),"Accumulated by Actions / Missions / Do X, Get Y (split)",Experiential Exclusivity; Service Exclusivity & Priority Access,Points / Redeemable Rewards | Complimentary Services | v3 Included member benefits / Privileged access: pick the new benefit(s),"enrolment route, Do X Get Y, Missions, Ambassador, Access by Ownership, Tenure, benefits with no old equivalent"
38623e34-1ad6-4417-91d3-7af491ed3490,Mastercard Priceless,Banking & Financial Services,Premium,Free,External partner network; Member experiences & events; Privileged access,,,,Experiential Exclusivity; Partner Benefits,v3 Included member benefits / Privileged access: pick the new benefit(s),"enrolment route, Do X Get Y, Missions, Ambassador, Access by Ownership, Tenure, benefits with no old equivalent"
2bd2cd76-9fd6-4e92-8415-fdf5e692d4ff,PlatinumClubNet,Golf,Luxury,Other,External partner network; Privileged access; Community,,,Invite (access is invitation only),Community & Networking; Partner Benefits,v3 Included member benefits / Privileged access: pick the new benefit(s),"enrolment route, Do X Get Y, Missions, Ambassador, Access by Ownership, Tenure, benefits with no old equivalent"
b4e8c046-7775-417a-b31a-d6706642aa73,Troon Privé (Private Club Golf),Golf,Premium,Paid,External partner network; Privileged access; Member pricing,,Paid Subscription,,Cashback / Direct Discounts / Coupons; Partner Benefits,v3 Included member benefits / Privileged access: pick the new benefit(s),"enrolment route, Do X Get Y, Missions, Ambassador, Access by Ownership, Tenure, benefits with no old equivalent"
9849c01b-694d-4265-afb4-4bc0cef1bad2,TIFF Membership,Leisure & Entertainment,Premium,Paid,Included member benefits; Member experiences & events; Privileged access,,Paid Subscription,,Experiential Exclusivity,v3 Included member benefits / Privileged access: pick the new benefit(s),"enrolment route, Do X Get Y, Missions, Ambassador, Access by Ownership, Tenure, benefits with no old equivalent"
97fffb96-c0a0-48c2-a83c-db93fb87938b,Ikon Pass,Leisure & Entertainment,Premium,Paid,Privileged access; Ecosystem cross-use,Access / Exclusivity; Priority Access,Paid Subscription,,Experiential Exclusivity; Service Exclusivity & Priority Access,v3 Included member benefits / Privileged access: pick the new benefit(s),"enrolment route, Do X Get Y, Missions, Ambassador, Access by Ownership, Tenure, benefits with no old equivalent"
b8f54547-6777-4538-9b5a-727f3b668795,JNcQUOI Club,Food & Beverage,Luxury,Paid,Member pricing; Privileged access; Included member benefits; Member experiences & events,,Paid Subscription,,Cashback / Direct Discounts / Coupons; Experiential Exclusivity,v3 Included member benefits / Privileged access: pick the new benefit(s),"enrolment route, Do X Get Y, Missions, Ambassador, Access by Ownership, Tenure, benefits with no old equivalent"
8402d8bd-7d91-43b0-a9c3-538622373dfd,Soho House,Food & Beverage,Luxury,Subscription,Community; Privileged access; Member experiences & events; Included member benefits; Ecosystem cross-use,,Paid Subscription,,Community & Networking; Experiential Exclusivity,v3 Included member benefits / Privileged access: pick the new benefit(s),"enrolment route, Do X Get Y, Missions, Ambassador, Access by Ownership, Tenure, benefits with no old equivalent"
1a6728d0-b86b-4668-b593-5d625e08d3c1,Annabel's (Birley Clubs),Food & Beverage,Luxury,Paid,Privileged access; Member experiences & events; Community; Included member benefits,,Paid Subscription,Invite (access is invitation only),Community & Networking; Experiential Exclusivity,v3 Included member benefits / Privileged access: pick the new benefit(s),"enrolment route, Do X Get Y, Missions, Ambassador, Access by Ownership, Tenure, benefits with no old equivalent"
82e50b11-f4c4-44af-a8fa-2e4251f59316,Zero Bond,Food & Beverage,Luxury,Paid,Privileged access; Community; Member experiences & events,,Paid Subscription,,Community & Networking; Experiential Exclusivity,v3 Included member benefits / Privileged access: pick the new benefit(s),"enrolment route, Do X Get Y, Missions, Ambassador, Access by Ownership, Tenure, benefits with no old equivalent"
cd40a05a-c897-4baa-8e64-a83339c08bc6,The Supper Club,Food & Beverage,Premium,Subscription,Community; Member experiences & events; Privileged access,,Paid Subscription,,Community & Networking; Experiential Exclusivity,v3 Included member benefits / Privileged access: pick the new benefit(s),"enrolment route, Do X Get Y, Missions, Ambassador, Access by Ownership, Tenure, benefits with no old equivalent"
155c6e83-9818-4f8b-a574-cca87e048697,Les Bordes Golf Club,Golf,Luxury,Paid,Privileged access; Community; Member experiences & events; Included member benefits,,Paid Subscription,,Community & Networking; Experiential Exclusivity,v3 Included member benefits / Privileged access: pick the new benefit(s),"enrolment route, Do X Get Y, Missions, Ambassador, Access by Ownership, Tenure, benefits with no old equivalent"
ba80d026-c4f2-42a6-80da-8d05c8737f2a,Queenwood Golf Club,Golf,Luxury,Paid,Privileged access; Community; Member experiences & events,,Paid Subscription,Invite (access is invitation only),Community & Networking; Experiential Exclusivity,v3 Included member benefits / Privileged access: pick the new benefit(s),"enrolment route, Do X Get Y, Missions, Ambassador, Access by Ownership, Tenure, benefits with no old equivalent"
d44693c5-91c0-4f5e-a270-885fd5a332f0,AAdvantage Business,Travel & Mobility,Mid-market,Free,Spend-based earning; Member pricing; Earned status; External partner network,Points / Redeemable Rewards; Discounts; Priority Access,Accumulated by Spending (redeemable for spending),Spending at Brand/Partners - Temporary OR Spending at Brand/Partners - Lifetime & Cumulative (spend tiers: annual or lifetime?),Cashback / Direct Discounts / Coupons; Partner Benefits; Service Exclusivity & Priority Access,Points / Redeemable Rewards,"enrolment route, Do X Get Y, Missions, Ambassador, Access by Ownership, Tenure, benefits with no old equivalent"
0567926d-f811-46e6-a91a-3a0952f7aacd,Carte Fidélité Golf,Golf,Mid-market,Paid,Spend-based earning; Member pricing; Included member benefits; External partner network,Discounts; Points / Redeemable Rewards; Free Product / Service Credit,Accumulated by Spending (redeemable for spending); Paid Subscription,,Cashback / Direct Discounts / Coupons; Partner Benefits,Points / Redeemable Rewards | Free Product / Service Credit | v3 Included member benefits / Privileged access: pick the new benefit(s),"enrolment route, Do X Get Y, Missions, Ambassador, Access by Ownership, Tenure, benefits with no old equivalent"
d70096a0-30b0-43b4-a070-28de85d969fa,Beauty Insider,Retail,Mass,Free,Spend-based earning; Member pricing; Included member benefits; Privileged access; Member experiences & events; Earned status; Community,Free Product / Service Credit; Discounts; Points / Redeemable Rewards; Experiences / Events; Personalised Benefits,Accumulated by Spending (redeemable for spending),Spending at Brand/Partners - Temporary OR Spending at Brand/Partners - Lifetime & Cumulative (spend tiers: annual or lifetime?),Cashback / Direct Discounts / Coupons; Community & Networking; Experiential Exclusivity; Personalisation,Free Product / Service Credit | Points / Redeemable Rewards | v3 Included member benefits / Privileged access: pick the new benefit(s),"enrolment route, Do X Get Y, Missions, Ambassador, Access by Ownership, Tenure, benefits with no old equivalent"
a56f4e0f-ba71-4e5f-82df-81d6ff899e6b,Six Senses Discovery,Hotels & Hospitality,Luxury,Free,Spend-based earning; Included member benefits; Earned status; Ecosystem cross-use; External partner network,Points / Redeemable Rewards; Upgrades; Priority Access; Complimentary Services,Accumulated by Spending (redeemable for spending),Tenure / Legacy Recognition OR Spending at Brand/Partners - Temporary (night-based tiers),Partner Benefits; Service Exclusivity & Priority Access; Upgrades & Complimentary Offers,Points / Redeemable Rewards | Complimentary Services | v3 Included member benefits / Privileged access: pick the new benefit(s),"enrolment route, Do X Get Y, Missions, Ambassador, Access by Ownership, Tenure, benefits with no old equivalent"
eb7aca64-4076-47b5-a509-dd5f09aa5f37,Super Duolingo,Leisure & Entertainment,Mass,Subscription,Behaviour-based rewards; Included member benefits,Free Product / Service Credit; Personalised Benefits; Complimentary Services,Paid Subscription,"Accumulated by Actions / Missions / Do X, Get Y (split)",Personalisation,Free Product / Service Credit | Complimentary Services | v3 Included member benefits / Privileged access: pick the new benefit(s),"enrolment route, Do X Get Y, Missions, Ambassador, Access by Ownership, Tenure, benefits with no old equivalent"
3108eeee-70f4-43b4-93dd-00f41e081a73,Nestle Collect,Food & Beverage,Mass,Free,Included member benefits; Referral; Spend-based earning,Points / Redeemable Rewards; Free Product / Service Credit,Accumulated by Spending (redeemable for spending); Referral,,,Points / Redeemable Rewards | Free Product / Service Credit | v3 Included member benefits / Privileged access: pick the new benefit(s),"enrolment route, Do X Get Y, Missions, Ambassador, Access by Ownership, Tenure, benefits with no old equivalent"
91fe08e0-cca0-4554-ae92-13cc308a6019,Europcar Privilege,Travel & Mobility,Mid-market,Free,Spend-based earning; Member pricing; Earned status; External partner network,Discounts; Priority Access; Partner Benefits,Accumulated by Spending (redeemable for spending),,Cashback / Direct Discounts / Coupons; Partner Benefits; Service Exclusivity & Priority Access,,"enrolment route, Do X Get Y, Missions, Ambassador, Access by Ownership, Tenure, benefits with no old equivalent"
3059b699-7b2a-4d92-8c8d-d2b44d42d697,Wine Access Michelin Club,Food & Beverage,Premium,Subscription,Member pricing; Included member benefits; External partner network; Privileged access,,Paid Subscription,,Cashback / Direct Discounts / Coupons; Partner Benefits,v3 Included member benefits / Privileged access: pick the new benefit(s),"enrolment route, Do X Get Y, Missions, Ambassador, Access by Ownership, Tenure, benefits with no old equivalent"
9e6afdc7-647c-449b-a3aa-c6aa0c2005ae,Gourmet Escapes Privilege Club,Food & Beverage,Premium,Subscription,Member pricing; External partner network; Included member benefits; Privileged access,,Paid Subscription,,Cashback / Direct Discounts / Coupons; Partner Benefits,v3 Included member benefits / Privileged access: pick the new benefit(s),"enrolment route, Do X Get Y, Missions, Ambassador, Access by Ownership, Tenure, benefits with no old equivalent"
8dbb77c1-f461-476f-a537-d818ca38fc92,Yellowstone Club,Leisure & Entertainment,Luxury,Paid,Privileged access; Community; Member experiences & events; Included member benefits,,Paid Subscription,Invite (access is invitation only),Community & Networking; Experiential Exclusivity,v3 Included member benefits / Privileged access: pick the new benefit(s),"enrolment route, Do X Get Y, Missions, Ambassador, Access by Ownership, Tenure, benefits with no old equivalent"
fea78e29-0f79-4d81-aa6b-ccb380187d42,"Neera (Al Habtoor City, Dubai)",Food & Beverage,Luxury,Paid,Included member benefits; Member experiences & events; Privileged access; Community,,Paid Subscription,,Community & Networking; Experiential Exclusivity,v3 Included member benefits / Privileged access: pick the new benefit(s),"enrolment route, Do X Get Y, Missions, Ambassador, Access by Ownership, Tenure, benefits with no old equivalent"
da4b663c-29d7-42c8-b098-4a89b5b20967,Capital Club Dubai,Food & Beverage,Luxury,Paid,Privileged access; External partner network; Community; Member experiences & events,,Paid Subscription,Invite (access is invitation only),Community & Networking; Experiential Exclusivity; Partner Benefits,v3 Included member benefits / Privileged access: pick the new benefit(s),"enrolment route, Do X Get Y, Missions, Ambassador, Access by Ownership, Tenure, benefits with no old equivalent"
15c1ae0e-1725-4e33-abbe-c8e93df51ecb,Rotana DISCOVERY,Hotels & Hospitality,Premium,Free,Spend-based earning; Earned status; External partner network; Privileged access,,Accumulated by Spending (redeemable for spending),Earned status in v3 but no tier rows: which tier mechanism?,Partner Benefits,v3 Included member benefits / Privileged access: pick the new benefit(s),"enrolment route, Do X Get Y, Missions, Ambassador, Access by Ownership, Tenure, benefits with no old equivalent"
b7345b43-f850-4673-ae37-02fc5410a6a5,Zomato Gold,Food & Beverage,Premium,Subscription,Member pricing; Included member benefits; Privileged access,,Paid Subscription,,Cashback / Direct Discounts / Coupons,v3 Included member benefits / Privileged access: pick the new benefit(s),"enrolment route, Do X Get Y, Missions, Ambassador, Access by Ownership, Tenure, benefits with no old equivalent"
1945f322-63de-45b5-92cb-7f0d401923d9,app Alimenta Sorrisos,Food & Beverage,Mass,Free,Behaviour-based rewards; Included member benefits; Member pricing; Spend-based earning,Discounts; Free Product / Service Credit,Accumulated by Spending (redeemable for spending),"Accumulated by Actions / Missions / Do X, Get Y (split)",Cashback / Direct Discounts / Coupons,Free Product / Service Credit | v3 Included member benefits / Privileged access: pick the new benefit(s),"enrolment route, Do X Get Y, Missions, Ambassador, Access by Ownership, Tenure, benefits with no old equivalent"
e6e361b5-066d-42fc-91c6-100ac930f458,Lacoste Members,Retail,Premium,Free,Spend-based earning; Member pricing; Included member benefits; Privileged access; Earned status,Discounts; Free Product / Service Credit; Priority Access; Access / Exclusivity,Accumulated by Spending (redeemable for spending),,Cashback / Direct Discounts / Coupons; Experiential Exclusivity; Service Exclusivity & Priority Access,Free Product / Service Credit | v3 Included member benefits / Privileged access: pick the new benefit(s),"enrolment route, Do X Get Y, Missions, Ambassador, Access by Ownership, Tenure, benefits with no old equivalent"
26d644fb-1d08-4104-a128-88ba92addc39,Calm Premium,Fitness & Wellness,Mass,Subscription,Included member benefits; Community,Complimentary Services; Personalised Benefits,Paid Subscription,,Community & Networking; Personalisation,Complimentary Services | v3 Included member benefits / Privileged access: pick the new benefit(s),"enrolment route, Do X Get Y, Missions, Ambassador, Access by Ownership, Tenure, benefits with no old equivalent"
8c934cb4-2ec6-4df6-9c79-a3cf6c35fce1,Nespresso & You,Food & Beverage,Premium,Free,Included member benefits; Member experiences & events; Member pricing; Privileged access,Discounts; Complimentary Services; Free Product / Service Credit; Experiences / Events,,,Cashback / Direct Discounts / Coupons; Experiential Exclusivity,Complimentary Services | Free Product / Service Credit | v3 Included member benefits / Privileged access: pick the new benefit(s),"enrolment route, Do X Get Y, Missions, Ambassador, Access by Ownership, Tenure, benefits with no old equivalent"
71fcf3ae-15d1-4220-b95d-d4dc3bf5b630,GolfPass,Golf,Mid-market,Subscription,Spend-based earning; Member pricing; Included member benefits; Ecosystem cross-use; External partner network,Discounts; Points / Redeemable Rewards; Free Product / Service Credit; Partner Benefits,Accumulated by Spending (redeemable for spending); Paid Subscription,,Cashback / Direct Discounts / Coupons; Partner Benefits,Points / Redeemable Rewards | Free Product / Service Credit | v3 Included member benefits / Privileged access: pick the new benefit(s),"enrolment route, Do X Get Y, Missions, Ambassador, Access by Ownership, Tenure, benefits with no old equivalent"
aa378f6a-7a8b-4fb2-8d76-a742506b0054,The 1,Retail,Mass,Free,Spend-based earning; Behaviour-based rewards; Member pricing; Privileged access; Earned status; Ecosystem cross-use; External partner network,Points / Redeemable Rewards; Discounts; Partner Benefits; Access / Exclusivity; Priority Access,Accumulated by Spending (redeemable for spending),"Accumulated by Actions / Missions / Do X, Get Y (split)",Cashback / Direct Discounts / Coupons; Experiential Exclusivity; Partner Benefits; Service Exclusivity & Priority Access,Points / Redeemable Rewards | v3 Included member benefits / Privileged access: pick the new benefit(s),"enrolment route, Do X Get Y, Missions, Ambassador, Access by Ownership, Tenure, benefits with no old equivalent"
8680dcab-76a6-40db-a6ab-d5e14e3a71a7,MANGO likes you,Retail,Mass,Free,Spend-based earning; Member pricing; External partner network,Points / Redeemable Rewards; Discounts; Partner Benefits; Personalised Benefits,Accumulated by Spending (redeemable for spending),,Cashback / Direct Discounts / Coupons; Partner Benefits; Personalisation,Points / Redeemable Rewards,"enrolment route, Do X Get Y, Missions, Ambassador, Access by Ownership, Tenure, benefits with no old equivalent"
df3e1ed5-912c-457c-8ae8-26641f742b4d,Miles & More,Travel & Mobility,Premium,Free,Spend-based earning; Earned status; Ecosystem cross-use; External partner network,Points / Redeemable Rewards; Upgrades; Priority Access; Partner Benefits,Accumulated by Spending (redeemable for spending),,Partner Benefits; Service Exclusivity & Priority Access; Upgrades & Complimentary Offers,Points / Redeemable Rewards,"enrolment route, Do X Get Y, Missions, Ambassador, Access by Ownership, Tenure, benefits with no old equivalent"
600f4fb8-74b9-4c87-8e10-7d721d225635,Starbucks Reward,Food & Beverage,Mass,Free,Spend-based earning; Behaviour-based rewards; Included member benefits; Privileged access; Earned status,Free Product / Service Credit; Points / Redeemable Rewards; Personalised Benefits,Accumulated by Spending (redeemable for spending),"Accumulated by Actions / Missions / Do X, Get Y (split)",Personalisation,Free Product / Service Credit | Points / Redeemable Rewards | v3 Included member benefits / Privileged access: pick the new benefit(s),"enrolment route, Do X Get Y, Missions, Ambassador, Access by Ownership, Tenure, benefits with no old equivalent"
5ea3e3ef-85b8-48b7-a9b5-450afcb193b6,Ulta Beauty's Ultamate Rewards,Retail,Mass,Free,Spend-based earning; Behaviour-based rewards; Included member benefits; Earned status; External partner network,Points / Redeemable Rewards; Free Product / Service Credit; Priority Access; Complimentary Services,Accumulated by Spending (redeemable for spending),"Spending at Brand/Partners - Temporary OR Spending at Brand/Partners - Lifetime & Cumulative (spend tiers: annual or lifetime?) | Accumulated by Actions / Missions / Do X, Get Y (split)",Partner Benefits; Service Exclusivity & Priority Access,Points / Redeemable Rewards | Free Product / Service Credit | Complimentary Services | v3 Included member benefits / Privileged access: pick the new benefit(s),"enrolment route, Do X Get Y, Missions, Ambassador, Access by Ownership, Tenure, benefits with no old equivalent"
ea55f842-c90c-47f8-9fa0-83de59915d57,Everyday Offers / Rewards (na app),Banking & Financial Services,Mass,Free,Spend-based earning; Behaviour-based rewards; Member pricing; External partner network,Cashback; Discounts; Other,Accumulated by Spending (redeemable for spending),"Accumulated by Actions / Missions / Do X, Get Y (split)",Cashback / Direct Discounts / Coupons; Partner Benefits,Other,"enrolment route, Do X Get Y, Missions, Ambassador, Access by Ownership, Tenure, benefits with no old equivalent"
055bb844-f743-4766-aee3-45929372fe21,My Bene-FIT,Fitness & Wellness,Premium,Free,Spend-based earning; Behaviour-based rewards; Member pricing; Included member benefits; Earned status,Discounts; Free Product / Service Credit; Complimentary Services,Accumulated by Spending (redeemable for spending),"Accumulated by Actions / Missions / Do X, Get Y (split)",Cashback / Direct Discounts / Coupons,Free Product / Service Credit | Complimentary Services | v3 Included member benefits / Privileged access: pick the new benefit(s),"enrolment route, Do X Get Y, Missions, Ambassador, Access by Ownership, Tenure, benefits with no old equivalent"
04f98bf8-d712-4c0f-b7ea-8dec7ba04c46,Porsche Club Portugal,Automotive,Luxury,Paid,Community; Member experiences & events,,Paid Subscription,,Community & Networking; Experiential Exclusivity,,"enrolment route, Do X Get Y, Missions, Ambassador, Access by Ownership, Tenure, benefits with no old equivalent"
936b22a3-6fad-4d65-8218-63dc212a78f5,Vitality Rewards,Banking & Financial Services,Mass,Paid,Spend-based earning; Member pricing; Included member benefits; Earned status; External partner network,Discounts; Cashback; Partner Benefits; Free Product / Service Credit,Accumulated by Spending (redeemable for spending); Paid Subscription,,Cashback / Direct Discounts / Coupons; Partner Benefits,Free Product / Service Credit | v3 Included member benefits / Privileged access: pick the new benefit(s),"enrolment route, Do X Get Y, Missions, Ambassador, Access by Ownership, Tenure, benefits with no old equivalent"
e8dda43e-1b9c-4a84-bbc1-9db472dffe2e,Eligo Club,Golf,Premium,Paid,External partner network; Privileged access; Member experiences & events; Community,,Paid Subscription,,Community & Networking; Experiential Exclusivity; Partner Benefits,v3 Included member benefits / Privileged access: pick the new benefit(s),"enrolment route, Do X Get Y, Missions, Ambassador, Access by Ownership, Tenure, benefits with no old equivalent"
23de101d-f404-4abb-a26a-6beca7dc2b2f,GrabRewards,Travel & Mobility,Mass,Free,Earned status; Ecosystem cross-use; External partner network; Member pricing; Spend-based earning,Discounts; Priority Access; Partner Benefits,Accumulated by Spending (redeemable for spending),,Cashback / Direct Discounts / Coupons; Partner Benefits; Service Exclusivity & Priority Access,,"enrolment route, Do X Get Y, Missions, Ambassador, Access by Ownership, Tenure, benefits with no old equivalent"
81edf2ae-6e3d-49bf-9e1c-f126641b62ae,Hilton Honors,Hotels & Hospitality,Mass,Free,Spend-based earning; Included member benefits; Earned status; Ecosystem cross-use; External partner network,Points / Redeemable Rewards; Upgrades; Priority Access; Complimentary Services; Partner Benefits,Accumulated by Spending (redeemable for spending),Spending at Brand/Partners - Temporary OR Spending at Brand/Partners - Lifetime & Cumulative (spend tiers: annual or lifetime?),Partner Benefits; Service Exclusivity & Priority Access; Upgrades & Complimentary Offers,Points / Redeemable Rewards | Complimentary Services | v3 Included member benefits / Privileged access: pick the new benefit(s),"enrolment route, Do X Get Y, Missions, Ambassador, Access by Ownership, Tenure, benefits with no old equivalent"
a232111b-c3e0-44f9-9ad2-de3eb274dcf3,Amazon Prime,Retail,Mass,Subscription,Spend-based earning; Member pricing; Included member benefits; Privileged access; Ecosystem cross-use; External partner network,Discounts; Partner Benefits; Priority Access; Access / Exclusivity; Complimentary Services; Cashback,Accumulated by Spending (redeemable for spending); Paid Subscription,,Cashback / Direct Discounts / Coupons; Experiential Exclusivity; Partner Benefits; Service Exclusivity & Priority Access,Complimentary Services | v3 Included member benefits / Privileged access: pick the new benefit(s),"enrolment route, Do X Get Y, Missions, Ambassador, Access by Ownership, Tenure, benefits with no old equivalent"
